groupIV_21824181,groupIV_21824319,groupIV_21826101,groupIV_21826327,groupIV_21826332,groupIV_21826401,groupIV_21826740,groupIV_21826749,groupIV_21827918,groupIV_21827931,groupIV_21827936,groupIV_21827937,groupIV_21827947,groupIV_21827948,groupIV_21828094,groupIV_21828128,groupIV_21828238,groupIV_21828469,groupIV_21830899,groupIV_21831127,groupIV_21831169,groupIV_21831185,groupIV_21831455
0,0,0,0,-9,0,0,0,0,0,0,0,0,0,-9,0,0,0,0,-9,-9,-9,-9
1,0,0,0,0,0,-9,-9,0,0,0,0,0,0,0,0,0,0,0,0,0,0,-9
-9,-9,2,2,2,2,2,2,-9,-9,-9,-9,-9,-9,-9,2,2,2,1,-9,-9,-9,2
-9,0,0,0,0,0,0,0,0,0,0,0,0,0,0,0,0,0,0,0,0,0,0
2,-9,2,2,2,2,2,2,2,2,2,2,2,2,2,2,2,2,2,2,2,2,2
1,0,1,1,1,1,1,1,1,1,1,1,1,1,1,1,1,1,1,1,1,1,1
0,0,0,0,0,0,0,0,0,0,0,-9,0,0,0,0,0,0,0,0,0,0,0
2,-9,2,2,2,2,2,2,2,2,-9,2,2,2,2,2,2,2,-9,-9,2,2,2
1,0,1,1,1,1,1,1,1,1,1,1,1,1,1,1,1,1,1,1,1,1,1
1,0,1,1,1,1,1,1,-9,0,1,1,1,1,1,1,1,1,1,1,1,1,1
-9,0,-9,-9,-9,-9,-9,-9,-9,-9,-9,-9,-9,-9,-9,-9,-9,-9,-9,-9,-9,-9,-9
1,0,0,0,0,0,-9,-9,0,0,0,0,0,0,0,0,0,0,0,0,0,0,-9
-9,0,-9,-9,-9,-9,-9,-9,-9,0,0,0,-9,0,0,0,-9,-9,-9,-9,-9,-9,-9
-9,-9,-9,-9,-9,-9,-9,-9,-9,-9,-9,-9,-9,-9,-9,-9,-9,-9,-9,-9,-9,-9,-9
-9,-9,-9,-9,-9,-9,-9,-9,-9,-9,-9,-9,-9,-9,-9,-9,-9,-9,-9,-9,-9,-9,-9
0,0,0,0,0,0,0,0,0,0,0,0,0,0,0,0,0,0,0,0,0,0,0
-9,-9,-9,-9,-9,-9,-9,-9,0,0,0,0,0,0,-9,-9,-9,-9,-9,-9,-9,-9,-9
0,0,0,0,0,0,0,0,0,0,0,0,0,0,0,0,0,0,0,0,0,0,0
0,0,0,0,0,0,0,0,0,0,0,0,0,0,0,0,0,0,0,0,0,0,0
0,0,0,0,0,0,0,0,0,0,0,0,0,0,0,0,0,0,0,0,0,0,0
0,0,0,1,1,-9,0,0,0,0,0,0,0,0,0,0,0,0,0,0,0,0,0
-9,-9,-9,-9,-9,-9,-9,-9,-9,-9,-9,-9,-9,-9,1,1,1,-9,-9,-9,-9,-9,-9
0,0,0,0,0,0,0,0,0,0,0,0,0,0,0,0,0,0,0,0,0,0,0
0,0,0,0,0,0,0,0,0,0,0,0,0,0,0,0,0,0,0,0,0,0,0
0,0,0,0,0,0,0,0,0,0,0,0,0,0,0,0,0,0,0,0,0,0,0
-9,0,0,0,0,0,-9,-9,0,0,0,0,0,0,0,0,0,0,0,0,0,0,-9
1,0,1,1,1,1,1,1,-9,1,1,1,1,-9,1,1,1,1,1,1,1,1,1
-9,0,-9,0,0,0,0,0,0,0,0,0,0,0,0,0,0,0,0,0,0,0,0
0,0,0,0,0,0,0,0,0,0,0,0,0,0,0,0,0,0,0,0,0,0,0
0,0,0,0,0,0,0,0,0,0,0,0,0,0,0,0,0,0,0,0,0,0,0
0,0,0,0,0,0,0,0,0,0,0,0,0,0,0,0,0,0,0,0,0,0,0
0,0,0,0,0,0,0,0,0,0,0,0,0,0,0,0,0,0,0,0,0,0,0
-9,0,0,0,0,0,0,0,0,0,0,0,0,0,0,0,0,0,0,0,0,0,0
0,0,0,0,0,0,0,0,0,0,0,0,0,0,0,0,0,0,0,0,0,0,0
-9,0,0,0,0,0,0,0,0,0,0,0,0,0,0,0,0,0,0,0,0,0,0
0,0,0,0,0,0,0,0,0,0,0,0,0,0,0,0,0,0,0,0,0,0,0
2,-9,2,2,2,2,2,2,-9,-9,-9,-9,-9,-9,2,2,2,2,2,2,2,2,2
2,-9,2,2,2,2,2,2,-9,-9,-9,-9,-9,-9,2,2,2,2,2,2,2,2,2
2,-9,2,2,2,2,2,2,2,2,2,2,2,2,2,2,2,2,2,2,2,2,2
2,-9,2,2,2,2,2,2,2,2,2,2,-9,2,2,2,2,2,2,2,2,2,2
2,-9,2,2,2,2,2,2,-9,-9,-9,-9,-9,-9,2,2,2,2,2,2,2,2,2
2,-9,2,2,2,2,2,2,-9,-9,-9,-9,-9,-9,2,2,2,2,2,2,2,2,2
2,-9,2,2,2,2,2,2,-9,-9,-9,-9,-9,-9,2,2,2,2,2,2,2,2,2
2,-9,2,2,2,2,2,2,-9,-9,-9,-9,-9,-9,2,2,2,2,2,2,2,2,2
2,-9,2,2,2,2,2,2,-9,2,-9,2,-9,-9,2,2,2,2,2,2,2,2,2
2,-9,2,2,2,2,2,2,2,2,2,2,2,2,2,2,2,2,2,2,2,2,2
2,-9,2,2,2,2,2,2,-9,-9,-9,-9,-9,-9,2,2,2,2,2,2,2,2,2
2,-9,2,2,2,2,2,2,2,2,2,2,1,1,2,2,2,2,2,2,2,2,2
2,-9,2,2,2,2,2,2,2,2,2,2,2,2,2,2,2,2,2,2,2,2,2
2,-9,2,2,2,2,2,2,-9,-9,-9,-9,-9,-9,2,2,2,2,2,2,2,2,2
2,-9,2,2,2,2,2,2,-9,-9,-9,-9,-9,-9,2,2,2,2,2,2,2,2,2
2,-9,2,2,2,2,2,2,2,2,-9,2,2,2,2,2,2,2,2,2,2,2,2
-9,-9,2,2,2,2,2,2,-9,-9,-9,-9,-9,-9,2,2,2,2,2,2,2,2,2
2,-9,2,2,2,2,2,2,-9,-9,-9,-9,-9,-9,2,2,2,2,2,2,2,2,2
2,-9,2,2,2,2,2,2,2,2,2,2,2,2,2,2,2,2,2,2,2,2,2
2,-9,2,2,2,2,2,2,2,2,2,2,2,2,2,2,2,2,2,2,2,2,2
0,0,0,0,0,0,0,0,0,0,0,0,0,0,0,0,0,0,0,0,0,0,0
-9,0,0,0,0,0,0,0,0,0,0,0,0,0,0,0,0,0,0,0,0,0,0
0,0,0,0,0,0,0,0,0,0,0,0,0,0,0,0,0,0,0,0,0,0,0
0,0,0,0,0,0,0,0,0,0,0,0,0,0,0,0,0,0,0,0,0,0,0
0,0,0,0,0,0,0,0,0,0,0,0,0,0,0,0,0,0,0,0,0,0,0
0,0,0,0,0,0,0,0,0,0,0,0,0,0,0,0,1,1,0,0,0,0,0
0,0,0,0,0,0,0,0,0,0,0,0,0,0,0,0,0,0,0,0,0,0,0
0,0,0,0,0,0,0,0,0,0,0,0,0,0,0,0,0,0,0,0,0,0,0
0,0,0,0,0,0,0,0,0,0,0,0,0,0,0,0,0,0,0,0,0,0,0
0,0,0,0,0,0,0,0,0,0,0,0,0,0,0,0,0,0,0,0,0,0,0
0,0,0,0,0,0,0,0,0,0,0,0,0,0,0,0,0,0,0,0,0,0,0
0,0,0,0,0,0,0,0,0,0,0,0,0,0,0,0,0,0,0,0,0,0,0
0,0,0,0,0,0,0,0,0,0,0,0,0,0,0,0,0,0,0,0,0,0,0
0,0,0,0,0,0,0,0,0,0,0,0,0,0,0,0,0,0,0,0,0,0,0
0,0,0,0,0,0,0,0,0,0,0,0,0,0,0,0,0,0,0,0,0,0,0
0,0,0,0,0,0,0,0,0,0,0,0,0,0,0,0,0,0,0,0,0,0,0
0,0,0,0,0,0,0,0,0,0,0,0,0,0,0,0,0,0,0,0,0,0,0
1,0,0,0,0,0,0,0,0,0,0,0,0,0,0,0,0,0,0,0,0,0,0
0,0,0,0,0,0,0,0,0,0,0,0,0,0,0,0,0,0,0,0,0,0,0
0,0,0,0,0,0,0,0,0,0,0,0,0,0,0,0,0,0,0,0,0,0,0
-9,-9,2,2,2,2,2,2,-9,2,-9,2,-9,-9,2,2,2,2,1,-9,-9,-9,2
2,-9,2,2,2,2,2,2,-9,-9,-9,-9,-9,-9,2,2,2,2,2,2,2,2,2
2,-9,2,2,2,2,2,2,2,2,2,2,1,2,2,2,2,2,2,2,2,2,1
2,-9,2,2,2,2,2,2,2,2,2,2,-9,2,2,2,2,2,2,2,2,2,2
2,-9,2,2,2,2,2,2,2,2,2,2,2,2,2,2,2,2,2,2,2,2,2
2,-9,2,2,2,2,2,2,-9,-9,-9,-9,-9,-9,2,2,2,2,2,2,2,2,2
2,-9,2,2,2,2,2,2,2,2,2,2,2,2,2,2,2,2,2,2,2,2,2
2,-9,2,2,2,2,2,2,2,2,2,2,2,2,2,2,2,2,2,2,2,2,2
2,-9,2,2,2,2,2,2,2,2,2,2,2,2,2,2,2,-9,2,2,2,2,2
2,-9,2,2,2,2,2,2,-9,-9,-9,2,-9,-9,2,2,2,2,2,2,2,2,2
2,-9,2,2,2,2,2,2,2,2,2,2,2,2,2,2,2,2,2,2,2,2,2
2,-9,2,2,2,2,2,2,-9,2,-9,2,-9,-9,2,2,2,2,2,2,2,2,2
2,-9,2,2,2,2,2,2,2,2,2,2,-9,2,2,2,2,2,2,2,2,2,2
2,-9,2,2,2,2,2,2,-9,-9,-9,-9,-9,-9,2,2,2,2,2,2,2,2,2
2,-9,2,2,2,2,2,2,2,2,2,2,2,2,2,2,2,2,2,2,2,2,2
-9,0,-9,1,1,1,-9,-9,-9,-9,-9,-9,-9,-9,1,1,-9,-9,1,1,1,1,-9
2,-9,2,2,2,2,-9,-9,-9,-9,-9,-9,-9,-9,2,2,2,2,1,2,2,2,2
2,-9,2,2,2,2,2,2,-9,-9,-9,-9,-9,-9,2,2,2,2,0,2,2,2,2
2,0,2,2,2,2,2,2,-9,-9,-9,-9,-9,-9,2,2,2,2,2,2,2,2,1
2,0,2,1,-9,1,-9,-9,-9,-9,-9,0,-9,-9,1,1,1,1,1,1,1,1,1
2,-9,2,2,2,2,2,2,-9,-9,-9,-9,-9,-9,2,2,2,2,2,2,2,2,2
2,0,2,2,2,2,2,2,-9,-9,-9,-9,-9,-9,2,2,-9,1,1,2,2,2,1
2,-9,2,2,2,2,2,2,-9,-9,-9,-9,-9,-9,2,2,2,2,1,2,2,2,-9
2,0,2,1,1,1,1,1,1,1,1,1,1,1,1,1,1,1,1,2,2,2,1
2,0,1,0,0,0,0,0,0,0,0,0,0,0,0,0,0,0,0,0,0,0,0
2,-9,2,2,2,2,2,2,-9,-9,-9,-9,-9,-9,2,2,2,2,2,2,2,2,2
2,-9,2,2,2,2,2,2,-9,-9,-9,-9,-9,-9,2,2,-9,-9,2,2,2,2,2
2,0,2,1,1,1,1,1,0,0,0,0,0,0,1,1,1,1,1,1,1,1,1
2,-9,2,2,2,2,2,2,-9,-9,-9,-9,-9,-9,2,2,2,2,2,2,2,2,-9
2,-9,2,2,2,2,2,2,-9,-9,-9,-9,-9,-9,2,2,2,2,1,2,2,2,2
2,-9,2,2,2,2,2,2,-9,-9,-9,-9,-9,-9,2,2,2,2,1,2,2,2,2
2,-9,2,2,2,2,2,2,-9,-9,-9,2,-9,-9,2,2,2,2,1,2,2,2,2
2,-9,2,2,2,2,2,2,-9,-9,-9,-9,-9,-9,2,2,2,2,2,2,2,2,1
2,0,2,1,1,1,1,1,0,0,0,0,-9,-9,1,1,1,1,1,1,1,1,1
2,-9,2,2,2,2,2,2,-9,-9,-9,-9,-9,-9,2,2,2,2,0,2,2,2,2
0,0,0,0,0,0,0,0,0,0,0,0,0,0,1,1,0,0,0,0,0,0,0
0,0,0,0,0,0,0,0,0,0,0,0,0,0,0,0,0,0,0,0,0,0,0
0,0,0,0,0,0,0,0,0,0,0,0,0,0,0,0,0,0,0,0,0,0,0
0,0,0,0,0,0,0,0,0,0,0,0,0,0,0,0,0,0,0,0,0,0,0
0,0,0,0,0,0,0,0,0,0,0,0,0,0,0,0,0,0,0,0,0,0,0
0,0,0,0,0,0,0,0,0,0,0,0,0,0,0,0,0,0,0,1,1,-9,0
0,0,0,0,0,0,0,0,0,0,0,0,0,0,0,0,0,0,0,0,0,0,0
1,0,1,1,1,1,1,0,0,0,0,0,0,0,1,1,1,1,1,1,1,1,1
0,0,0,0,0,0,0,0,0,0,0,0,0,0,0,0,0,0,0,0,0,0,0
0,0,0,0,0,0,0,0,0,0,0,0,0,0,0,0,0,0,0,0,0,0,0
1,0,1,1,1,1,-9,0,0,0,0,0,0,0,1,1,1,1,1,1,1,1,1
0,0,0,0,0,0,0,0,0,0,0,0,0,0,0,0,0,0,0,0,0,0,0
0,0,0,0,0,0,0,0,0,0,0,0,0,0,0,0,0,0,0,0,0,0,0
1,0,1,1,1,1,1,0,-9,-9,1,1,1,-9,1,1,1,1,1,1,1,1,1
0,0,0,0,0,0,0,0,0,0,0,0,0,0,0,0,0,0,0,0,0,0,0
0,0,0,0,0,0,0,0,0,0,0,0,0,0,0,0,0,0,0,0,0,0,0
1,0,1,1,1,1,1,1,-9,-9,-9,-9,-9,-9,1,1,1,1,1,1,1,1,1
0,0,0,0,0,0,0,0,0,0,0,0,0,0,0,0,0,0,0,0,0,0,0
0,0,0,0,0,0,0,0,0,0,0,0,0,0,0,0,0,0,0,0,0,0,0
2,-9,-9,-9,-9,-9,-9,-9,-9,-9,-9,-9,-9,-9,2,2,-9,-9,-9,-9,-9,-9,-9
-9,-9,2,2,2,2,-9,-9,-9,-9,-9,-9,-9,-9,2,2,2,2,2,2,2,2,2
2,0,-9,2,2,2,2,2,-9,-9,-9,-9,-9,-9,2,2,2,2,2,2,2,2,2
-9,0,-9,1,1,1,-9,-9,-9,-9,-9,-9,-9,-9,-9,-9,-9,-9,-9,-9,-9,-9,2
2,0,2,2,2,2,2,2,-9,-9,-9,-9,-9,-9,2,2,2,2,2,2,2,2,2
2,0,2,2,2,2,2,2,1,1,1,1,1,-9,2,2,2,2,2,2,2,2,2
2,0,1,-9,-9,-9,2,2,-9,-9,-9,-9,-9,-9,2,2,2,2,2,2,2,2,2
2,0,2,2,2,2,2,2,-9,-9,-9,-9,-9,-9,2,2,2,2,2,2,2,2,2
1,0,2,2,2,2,2,2,-9,-9,-9,-9,-9,-9,2,2,2,2,2,2,2,2,2
2,0,2,2,2,2,2,2,-9,-9,-9,-9,-9,-9,2,2,2,2,2,2,2,2,2
2,0,2,2,2,2,2,2,-9,-9,-9,-9,-9,-9,2,2,2,2,2,2,2,2,2
2,0,2,2,2,2,2,2,1,1,1,1,1,1,2,2,2,2,2,2,2,2,2
-9,-9,-9,-9,-9,-9,-9,-9,-9,-9,-9,-9,-9,-9,2,2,2,2,-9,-9,-9,-9,2
2,-9,2,2,2,2,-9,-9,-9,-9,-9,-9,-9,-9,2,2,2,2,2,2,2,2,2
2,-9,2,2,2,2,2,2,-9,-9,-9,-9,-9,-9,2,2,2,2,2,-9,2,-9,2
2,-9,2,-9,-9,-9,-9,-9,-9,-9,-9,-9,-9,-9,2,-9,2,2,-9,-9,2,-9,-9
-9,-9,2,1,1,1,-9,-9,-9,-9,-9,-9,-9,-9,-9,-9,2,2,2,1,2,1,1
2,-9,2,2,2,2,2,2,-9,-9,-9,-9,-9,-9,2,2,2,2,2,2,2,2,2
2,-9,2,1,1,1,2,2,-9,-9,2,2,-9,2,2,2,1,1,2,2,2,2,2
2,-9,2,2,2,2,2,2,-9,-9,-9,-9,-9,-9,2,2,2,2,2,2,2,2,2
2,-9,2,2,2,2,2,2,-9,-9,-9,-9,-9,-9,2,2,2,2,2,2,2,2,2
2,-9,2,2,2,2,2,2,-9,-9,-9,-9,-9,-9,2,2,2,-9,2,1,1,1,2
2,-9,2,2,2,2,2,1,-9,-9,-9,-9,-9,-9,2,2,2,2,2,2,2,2,2
1,-9,2,2,2,2,2,2,-9,-9,2,2,2,2,2,2,2,2,2,2,2,2,2
2,-9,2,2,2,2,2,2,2,-9,2,2,-9,-9,2,2,2,2,2,2,2,2,2
2,-9,2,2,2,2,2,2,-9,-9,-9,-9,-9,-9,2,2,2,2,2,2,2,2,2
2,-9,2,2,2,2,2,2,2,2,2,2,2,2,2,2,2,2,2,2,2,2,2
2,-9,2,2,2,2,2,2,2,1,2,2,2,2,2,2,2,2,2,2,2,2,2
2,-9,2,2,2,2,2,2,2,-9,2,2,2,-9,2,2,2,2,2,2,2,2,2
2,-9,2,2,2,2,2,2,1,1,1,1,1,1,-9,2,2,2,2,2,2,2,2
2,-9,2,2,2,2,2,2,-9,-9,-9,-9,-9,-9,2,2,2,2,2,2,2,2,2
-9,-9,1,1,1,1,1,1,1,1,1,1,1,1,1,1,1,1,1,1,1,1,1
2,-9,2,2,2,2,2,2,-9,-9,-9,-9,-9,-9,2,2,2,2,2,2,2,2,2
1,0,1,1,1,1,1,1,0,-9,-9,-9,-9,-9,1,1,1,1,1,1,1,1,1
1,0,1,1,1,1,1,1,-9,-9,-9,-9,-9,-9,1,1,1,1,1,2,2,2,1
0,0,0,0,0,0,0,0,0,0,0,0,0,0,0,0,0,0,0,1,1,1,0
0,0,0,0,0,0,0,0,0,0,0,0,0,0,0,0,0,0,0,0,0,0,0
0,0,0,0,0,0,0,0,0,0,0,0,0,0,0,0,0,0,0,0,0,0,0
-9,0,0,0,0,0,0,0,0,0,0,0,0,0,0,0,0,0,0,0,0,0,0
1,0,1,1,1,1,1,1,1,1,1,1,1,1,1,1,1,1,1,1,1,1,1
2,-9,2,2,2,2,2,2,-9,-9,-9,-9,-9,-9,2,2,2,2,2,2,2,2,2
2,-9,2,2,2,2,2,2,2,2,2,2,2,2,2,2,2,2,2,2,2,2,2
2,-9,2,2,2,2,2,2,2,2,2,2,2,2,2,2,2,2,2,2,2,2,2
2,-9,2,2,2,2,2,2,2,2,2,2,2,2,2,2,2,2,2,2,2,2,2
0,0,0,0,0,0,0,0,0,0,0,0,0,0,0,0,0,0,0,-9,-9,-9,0
0,0,0,0,0,0,0,0,0,0,0,0,0,0,0,0,0,0,0,0,0,0,0
0,0,0,0,0,0,0,0,0,0,0,0,0,0,0,0,0,0,0,0,0,0,0
-9,-9,-9,-9,-9,-9,-9,-9,-9,-9,-9,-9,-9,-9,-9,-9,-9,-9,-9,-9,-9,-9,-9
0,0,0,0,-9,0,0,0,0,0,0,0,0,0,0,0,0,0,0,0,0,0,0
0,0,0,0,0,0,0,0,0,0,0,0,0,0,0,0,0,0,0,0,0,0,0
-9,0,0,-9,0,-9,-9,-9,0,0,0,0,0,0,0,0,0,0,0,-9,-9,0,0
-9,0,0,0,0,0,-9,-9,0,0,0,0,0,0,0,0,0,0,1,1,1,1,0
0,0,0,0,0,0,0,0,0,0,0,0,0,0,0,0,0,0,0,0,0,0,0
-9,0,0,0,0,0,-9,-9,0,0,0,0,0,0,0,0,0,0,0,-9,-9,-9,0
0,0,0,0,0,0,0,0,0,0,0,0,0,0,0,0,0,0,0,0,0,0,0
0,0,0,0,0,0,0,0,0,0,0,0,0,0,0,0,0,0,0,0,0,0,0
0,0,0,0,0,0,0,0,0,0,0,0,0,0,0,0,0,0,0,0,0,0,0
0,0,0,0,0,0,0,0,0,0,0,0,0,0,0,0,0,0,0,0,0,0,0
0,0,0,0,0,0,0,0,0,0,0,0,0,0,0,0,0,0,0,0,0,0,0
0,0,0,0,0,0,0,0,0,0,0,0,0,0,0,0,0,0,0,0,0,0,0
0,0,0,0,0,0,-9,-9,0,0,0,0,0,0,0,0,0,0,0,0,0,0,0
0,0,0,0,0,0,0,0,0,0,0,0,0,0,-9,0,0,0,0,0,0,0,0
-9,0,0,0,0,0,-9,-9,0,0,0,0,0,0,0,0,0,0,0,0,0,0,0
0,0,0,0,0,0,0,0,0,0,0,0,0,0,0,0,0,0,0,0,0,0,0
0,0,0,0,0,0,0,0,0,0,0,0,0,0,0,0,0,0,0,0,0,0,0
-9,-9,-9,-9,-9,-9,2,2,-9,-9,-9,-9,-9,-9,2,-9,2,2,-9,2,2,2,2
1,0,1,1,1,1,1,1,-9,-9,-9,-9,-9,-9,1,1,1,1,1,1,1,1,1
1,-9,1,1,1,1,-9,-9,1,1,1,1,1,1,1,1,1,1,1,1,1,1,1
0,0,0,0,0,0,0,0,0,0,0,0,0,0,0,0,0,0,0,0,0,0,0
1,0,1,1,1,1,1,1,0,0,0,0,0,0,1,1,1,1,1,1,1,1,1
0,0,0,0,0,0,0,0,0,0,0,0,0,0,0,0,0,0,0,0,0,0,0
1,0,1,1,1,1,1,1,1,1,1,1,1,1,1,1,1,1,1,1,1,1,1
1,0,1,1,1,1,1,1,0,0,-9,-9,0,-9,1,1,1,1,1,1,1,1,1
2,-9,2,2,2,2,2,2,2,2,2,2,2,2,2,2,2,2,2,2,2,2,2
-9,0,1,1,1,1,-9,-9,1,1,1,1,1,1,1,1,1,1,-9,0,0,0,-9
0,0,0,0,0,0,0,0,0,0,0,0,0,0,0,0,0,0,0,0,0,0,0
0,0,0,0,0,0,0,0,0,0,0,0,0,0,0,0,0,0,0,0,0,0,0
-9,-9,-9,-9,-9,-9,-9,-9,0,0,0,0,0,0,-9,-9,-9,-9,-9,-9,-9,-9,-9
-9,-9,-9,-9,-9,-9,-9,-9,0,0,0,-9,0,0,-9,-9,-9,-9,-9,-9,-9,-9,-9
0,0,0,0,0,0,0,0,0,0,0,0,0,0,0,0,0,0,0,0,0,0,1
0,0,0,0,0,0,0,0,0,0,0,0,0,0,0,1,0,0,0,0,0,0,0
1,0,1,1,1,1,1,1,1,1,1,1,-9,1,1,1,1,1,1,1,1,1,1
0,0,0,0,0,0,0,0,0,0,0,0,0,0,0,0,0,0,0,0,0,0,0
-9,0,-9,-9,-9,-9,-9,-9,0,0,0,0,0,0,1,1,-9,-9,-9,-9,-9,-9,-9
0,0,0,0,0,0,0,0,0,0,0,0,0,0,0,0,0,0,0,0,0,0,0
0,0,0,0,0,0,0,0,0,0,0,0,0,0,0,0,0,0,0,0,0,0,0
-9,0,-9,1,1,1,-9,-9,-9,1,-9,-9,1,1,1,1,-9,-9,1,-9,1,1,1
0,0,0,0,0,0,0,0,0,0,0,0,0,0,0,0,0,0,0,1,1,1,0
2,-9,2,2,2,2,2,2,-9,-9,-9,-9,-9,-9,2,2,2,2,2,2,2,2,2
-9,0,1,1,1,1,1,1,1,1,1,1,1,1,1,1,1,1,-9,1,1,1,1
0,0,-9,0,0,0,0,0,0,0,0,0,0,0,0,0,0,0,0,0,0,0,0
2,-9,2,2,2,2,2,2,-9,-9,-9,-9,-9,-9,2,2,2,2,2,2,2,2,2
0,0,0,0,0,0,0,0,0,0,0,0,0,0,0,0,0,0,0,0,0,0,0
2,-9,2,2,2,2,2,2,-9,-9,-9,-9,-9,-9,2,2,2,2,2,2,2,2,2
2,-9,2,2,2,2,2,2,-9,-9,-9,-9,-9,-9,2,2,2,2,2,2,2,2,2
0,0,0,0,0,0,0,0,0,0,0,0,0,0,0,0,0,0,0,0,0,0,0
0,0,0,0,0,0,0,0,0,0,0,0,0,0,0,0,0,0,0,0,0,0,0
-9,0,0,0,0,0,0,0,0,0,0,0,0,0,1,1,0,1,0,1,1,1,0
1,0,1,1,1,1,-9,-9,1,1,1,1,1,1,1,1,-9,1,-9,-9,1,1,1
0,0,0,0,0,0,0,0,0,0,0,0,0,0,0,0,0,0,0,0,0,0,0
-9,0,-9,0,0,0,0,-9,0,0,0,0,0,0,0,0,0,0,0,-9,-9,-9,0
0,0,0,0,0,0,0,0,0,0,0,0,0,0,0,0,0,0,0,0,0,0,0
0,0,0,0,0,0,0,0,0,0,0,0,0,0,0,0,0,0,0,0,0,0,0
0,0,0,0,0,0,0,0,0,0,0,0,0,0,0,0,0,0,0,0,0,0,0
0,0,0,0,0,0,0,0,0,0,0,0,0,0,0,0,0,0,0,1,1,1,0
-9,0,0,0,0,0,0,0,0,0,0,0,0,0,0,0,0,0,0,0,0,0,0
1,0,1,1,1,1,1,1,0,0,0,0,0,0,1,1,1,1,1,1,1,1,1
0,1,1,0,1,0,0,0,0,0,0,0,0,0,1,0,1,1,0,1,1,1,2
0,1,1,0,1,0,0,0,0,0,0,0,0,0,1,0,1,1,0,1,1,1,1
-9,-9,2,0,2,0,0,0,0,0,0,0,0,0,2,0,2,2,0,2,2,2,1
0,0,1,0,1,0,0,0,0,0,0,0,0,0,1,0,-9,-9,0,1,1,1,1
-9,2,-9,0,2,0,0,0,0,0,0,0,0,0,2,0,2,2,0,1,1,1,2
-9,2,2,0,2,0,0,0,0,0,0,0,0,0,2,0,2,2,0,2,2,2,2
-9,2,2,0,2,0,0,0,0,0,0,0,0,0,2,0,2,2,0,2,2,2,2
0,1,1,0,1,0,0,0,0,0,0,0,0,0,1,0,1,1,0,1,1,1,1
0,1,1,0,1,0,0,0,0,0,0,0,0,0,1,0,1,1,0,1,1,1,1
0,0,0,0,0,0,0,0,0,0,0,0,0,0,0,0,0,0,0,0,0,0,0
0,0,0,0,0,0,0,0,0,0,0,0,0,0,0,0,0,0,0,0,0,0,0
0,0,0,0,0,0,0,0,0,0,0,0,0,0,0,0,0,0,0,0,0,0,0
0,0,0,0,0,0,0,0,0,0,0,0,0,0,0,0,0,0,0,1,1,0,1
0,0,0,0,0,0,0,0,0,0,0,0,0,0,0,0,0,0,0,0,0,0,0
0,0,0,0,0,0,0,0,0,0,0,0,0,0,0,0,0,0,0,0,0,0,0
0,0,0,0,0,0,0,0,0,0,0,0,0,0,0,0,0,0,0,0,0,0,0
0,0,0,0,0,0,0,0,0,0,0,0,0,0,0,0,0,0,-9,1,1,1,0
0,0,0,0,0,0,0,0,0,0,0,0,0,0,0,0,0,0,0,0,0,0,0
0,0,0,0,0,0,0,0,0,0,0,0,0,0,0,0,0,0,0,0,0,0,0
0,0,0,0,0,0,0,0,0,0,0,0,0,0,0,0,0,0,0,0,0,0,0
