groupI_12323884,groupI_12323903,groupI_12329298,groupI_12329500,groupI_12329537,groupI_12329543,groupI_12329598,groupI_12329599,groupI_12329615,groupI_12329923,groupI_12329975,groupI_12332173,groupI_12332183,groupI_12332184
-9,-9,-9,-9,-9,-9,-9,-9,-9,-9,-9,1,1,1
0,0,0,0,0,0,0,0,2,0,0,0,0,0
0,0,0,0,0,0,0,0,2,0,0,0,0,0
0,0,0,0,0,0,0,0,-9,0,0,0,0,0
0,0,0,0,0,0,0,0,2,0,0,0,0,0
0,0,0,0,0,0,0,0,2,0,0,0,0,0
0,0,0,0,0,0,0,0,2,0,0,0,0,0
-9,-9,-9,-9,-9,-9,0,0,2,-9,0,0,0,0
0,0,0,0,0,0,0,0,2,0,0,0,0,0
0,0,0,0,0,0,0,0,2,0,0,0,0,0
-9,-9,-9,2,2,2,-9,-9,-9,-9,2,2,2,2
1,1,2,2,2,2,-9,-9,-9,-9,-9,1,1,1
-9,-9,-9,2,2,2,-9,-9,-9,-9,-9,-9,-9,-9
-9,2,-9,-9,-9,-9,2,2,0,-9,-9,-9,-9,-9
-9,-9,-9,0,0,0,-9,-9,-9,-9,0,-9,-9,-9
-9,-9,-9,-9,-9,-9,-9,-9,-9,-9,-9,-9,-9,-9
-9,-9,-9,-9,-9,-9,-9,-9,-9,-9,-9,-9,-9,-9
1,1,-9,1,1,1,1,1,1,-9,1,-9,-9,-9
-9,-9,1,1,1,1,1,1,1,1,1,1,1,1
1,-9,1,1,1,1,1,1,1,0,1,1,1,1
1,1,1,1,1,1,1,1,1,1,1,1,1,1
-9,-9,2,-9,-9,-9,2,2,-9,2,-9,-9,-9,-9
2,2,2,2,2,2,2,2,0,2,2,2,2,2
2,2,2,2,2,2,2,2,0,2,2,2,2,2
2,2,2,2,2,2,2,2,0,2,2,2,2,2
-9,-9,-9,2,2,2,-9,-9,-9,-9,-9,-9,-9,-9
2,2,2,2,2,2,2,2,0,2,2,2,2,2
0,0,0,0,0,0,0,0,1,0,0,0,0,0
1,1,0,1,0,1,0,0,2,0,0,0,0,0
0,0,0,0,0,0,0,0,2,0,0,0,0,0
0,0,0,0,0,0,0,0,1,0,0,0,0,0
0,0,0,0,0,0,0,0,2,0,0,0,0,0
0,0,0,0,0,0,0,0,2,0,0,0,0,0
0,0,0,0,0,0,0,0,2,0,0,0,0,0
0,0,0,0,0,0,0,0,0,0,0,0,0,0
0,0,0,0,0,0,0,0,2,0,0,0,0,0
2,2,0,0,0,0,2,2,0,0,-9,0,0,0
2,2,2,2,2,2,2,2,0,-9,2,2,2,2
2,2,2,2,2,2,2,2,0,2,2,2,2,2
1,1,2,2,2,2,2,2,0,2,2,2,2,2
-9,2,1,1,1,1,2,2,0,1,1,1,1,1
2,2,1,1,1,1,2,2,0,1,1,1,1,1
2,2,2,2,2,2,2,2,0,2,2,2,2,2
2,2,2,2,2,2,2,2,0,2,2,2,2,2
2,2,0,0,0,0,1,1,1,0,0,0,0,0
2,2,2,2,2,2,2,2,0,2,2,2,2,2
1,1,1,1,1,1,2,2,0,-9,1,1,1,1
2,2,2,2,2,2,2,2,0,2,2,2,2,2
2,2,1,1,1,1,-9,-9,0,1,0,1,1,1
1,1,2,2,2,2,2,2,0,1,2,2,2,2
2,2,1,1,1,1,2,2,0,1,1,1,1,1
2,2,1,1,1,1,2,2,0,0,1,1,1,1
1,1,2,2,2,2,2,2,0,-9,-9,2,2,2
2,2,2,2,2,2,2,2,0,2,2,2,2,2
2,2,2,2,2,2,2,2,0,2,2,2,2,2
1,1,2,2,2,2,2,2,0,2,2,2,2,2
0,0,0,0,0,0,0,0,0,0,0,0,0,0
1,-9,0,1,0,1,0,0,1,0,0,0,0,0
0,-9,1,1,1,1,1,1,1,1,-9,2,2,2
0,-9,0,0,0,0,0,0,1,0,0,1,1,1
0,0,0,0,0,0,0,0,0,0,0,0,0,0
-9,-9,1,1,1,1,1,1,1,1,1,1,1,1
0,0,0,0,0,0,0,0,0,0,0,0,0,0
0,0,0,0,0,0,0,0,0,0,0,0,0,0
0,0,1,1,1,1,2,2,0,-9,-9,2,2,2
0,1,1,1,1,1,1,1,0,1,1,1,1,1
0,0,0,0,0,0,0,0,1,0,0,1,1,1
0,0,0,0,0,0,0,0,2,0,0,0,0,0
0,0,0,0,0,0,0,0,0,0,0,0,0,0
0,0,1,1,1,1,1,1,1,1,1,2,2,2
0,-9,1,1,1,1,1,1,0,1,1,1,1,1
0,0,0,0,0,0,0,0,1,0,0,1,1,1
0,0,0,0,0,0,0,0,0,0,0,0,0,0
0,0,0,0,0,0,0,0,0,0,0,0,0,0
0,0,1,1,1,1,1,1,0,1,1,2,2,2
0,0,0,0,0,0,0,0,1,0,0,1,1,1
-9,-9,-9,-9,-9,-9,2,2,0,0,0,0,0,0
1,1,1,1,1,1,2,2,0,0,1,1,1,1
-9,-9,0,0,0,0,-9,-9,-9,0,0,0,0,0
-9,-9,-9,2,2,2,2,2,0,-9,-9,2,2,2
-9,-9,0,0,0,0,2,2,0,0,0,0,0,0
-9,-9,0,0,0,0,2,2,0,0,0,-9,-9,-9
2,2,0,0,0,0,2,2,0,0,0,0,0,0
-9,-9,0,0,0,0,2,2,0,0,-9,-9,-9,-9
1,1,1,1,1,1,2,2,0,0,1,1,1,1
2,2,0,0,0,0,2,2,0,0,0,0,0,0
2,2,0,0,0,0,2,2,0,0,0,0,0,0
1,1,1,1,1,1,2,2,0,0,1,1,1,1
2,2,0,0,0,0,2,2,0,0,0,0,0,0
2,2,0,0,0,0,-9,-9,0,0,0,1,1,1
2,2,0,0,0,0,2,2,0,0,0,0,0,0
0,0,0,0,0,0,0,0,-9,0,0,0,0,0
-9,-9,0,0,0,0,0,0,2,0,0,0,0,0
-9,-9,0,0,0,0,0,0,2,0,0,0,0,0
-9,-9,0,0,0,0,0,0,2,0,0,0,0,0
-9,-9,0,0,0,0,0,0,2,0,0,1,1,1
-9,-9,0,0,0,0,0,0,2,0,-9,1,1,1
0,0,0,0,0,0,0,0,2,0,0,0,0,0
0,0,0,0,0,0,0,0,2,0,0,0,0,0
1,1,0,0,0,0,0,0,2,0,0,1,1,1
0,0,0,0,0,0,0,0,1,0,0,1,1,1
1,1,1,1,1,1,1,1,1,1,1,1,1,1
0,0,0,0,0,0,0,0,2,0,0,0,0,0
0,0,0,0,0,0,0,0,2,0,0,0,0,0
-9,-9,0,0,0,0,0,0,2,0,0,1,1,1
-9,-9,0,0,0,0,0,0,2,0,0,0,0,0
0,0,0,0,0,0,0,0,2,0,0,0,0,0
-9,0,0,0,0,0,0,0,2,0,0,0,0,0
0,0,0,0,0,0,0,0,2,0,0,0,0,0
0,0,0,0,0,0,0,0,2,0,0,0,0,0
0,0,0,0,0,0,0,0,2,0,0,0,0,0
-9,-9,0,0,0,0,0,0,0,0,0,0,0,0
0,1,0,0,0,0,0,0,1,0,0,0,0,0
0,1,0,0,0,0,0,0,0,0,0,1,1,1
0,-9,0,0,0,0,0,0,0,0,0,1,1,1
0,1,0,0,0,0,0,0,0,0,0,1,1,1
-9,1,0,0,0,0,0,0,1,0,0,0,0,0
0,1,0,0,0,0,0,0,0,0,0,0,0,0
1,2,0,1,0,1,0,0,1,0,0,0,0,0
0,0,0,0,0,0,0,0,0,0,0,2,2,2
0,1,0,-9,0,0,0,0,1,0,0,0,0,0
0,-9,0,0,0,0,0,0,0,0,0,0,0,0
0,1,0,0,0,0,0,0,1,0,0,0,0,0
-9,1,0,0,0,0,0,0,0,0,0,0,0,0
0,0,0,0,0,0,0,0,1,0,0,0,0,0
0,0,0,0,0,0,0,0,0,0,0,0,0,0
1,2,0,0,0,0,0,0,0,0,0,0,0,0
0,0,0,0,0,0,0,0,0,0,0,1,1,1
0,1,0,0,0,0,0,0,0,0,0,1,1,1
1,1,0,0,0,0,0,0,0,0,0,0,0,0
1,1,-9,-9,-9,-9,-9,-9,-9,-9,-9,-9,-9,-9
-9,0,0,0,0,0,0,-9,2,0,0,0,0,0
0,0,0,0,0,0,0,0,2,0,0,0,0,0
-9,-9,0,0,0,0,-9,-9,-9,0,0,0,0,0
0,-9,0,0,0,0,0,0,2,0,0,0,0,0
-9,-9,-9,0,-9,-9,0,0,2,-9,0,-9,-9,-9
0,0,0,0,0,0,0,0,2,0,0,0,0,0
0,0,0,0,0,0,0,0,2,0,0,0,0,0
0,0,0,0,0,0,0,0,2,0,0,0,0,0
0,0,0,0,0,0,0,0,2,0,0,0,0,0
0,0,0,0,0,0,0,0,2,0,0,0,0,0
0,0,0,0,0,0,0,0,2,0,0,0,0,0
-9,-9,-9,0,0,0,0,-9,2,0,-9,0,0,0
-9,0,0,0,0,0,0,-9,1,0,0,0,0,0
-9,-9,0,0,0,0,0,0,2,0,-9,0,0,0
-9,-9,-9,-9,-9,-9,-9,-9,-9,-9,-9,-9,-9,-9
-9,-9,-9,0,0,0,-9,-9,-9,1,-9,0,0,0
-9,-9,0,0,0,0,0,-9,2,0,0,0,0,0
0,0,0,0,0,0,0,1,2,0,0,0,0,0
0,0,0,0,0,0,0,0,2,0,0,0,0,0
-9,0,0,0,0,0,0,0,2,0,0,0,0,0
-9,-9,1,1,1,1,-9,-9,-9,-9,-9,-9,-9,-9
0,0,0,0,0,0,0,0,2,0,0,0,0,0
0,0,0,0,0,0,0,0,2,0,0,0,0,0
0,0,0,0,0,0,0,0,2,0,0,0,0,0
0,0,0,0,0,0,0,0,2,0,0,0,0,0
0,0,0,0,0,0,0,0,2,0,0,0,0,0
0,0,0,0,0,0,0,0,2,0,0,0,0,0
0,0,0,0,0,0,0,0,2,0,0,0,0,0
0,0,0,0,0,0,0,0,2,0,0,0,0,0
0,0,0,0,0,0,0,0,2,0,0,0,0,0
-9,-9,0,0,0,0,0,0,2,0,0,0,0,0
-9,-9,0,0,0,0,0,0,2,0,0,0,0,0
-9,-9,0,0,0,0,0,0,2,0,0,0,0,0
-9,-9,0,0,0,0,0,0,2,0,0,0,0,0
0,0,0,0,0,0,0,0,2,0,0,1,1,1
-9,0,0,0,0,0,0,0,2,0,0,0,0,0
0,0,0,0,0,0,0,0,2,0,0,0,0,0
0,0,0,0,0,0,0,0,2,0,0,0,0,0
0,0,0,0,0,0,0,0,1,0,0,0,0,0
-9,-9,0,0,0,0,-9,-9,-9,0,0,0,0,0
-9,-9,0,0,0,0,0,0,2,0,0,0,0,0
0,0,0,0,0,0,0,0,2,0,0,0,0,0
0,0,0,0,0,0,0,0,2,0,0,0,0,0
-9,0,0,0,0,0,0,0,2,-9,0,-9,-9,-9
-9,-9,-9,1,1,1,-9,-9,-9,-9,-9,-9,-9,-9
0,0,0,0,0,0,0,0,2,0,-9,0,0,0
-9,-9,-9,-9,-9,-9,-9,-9,-9,-9,-9,-9,-9,-9
-9,-9,-9,0,0,0,-9,-9,2,-9,-9,-9,-9,-9
0,0,0,0,0,0,0,0,2,0,0,0,0,0
-9,-9,0,0,0,0,-9,-9,-9,0,0,0,0,0
0,0,0,0,0,0,0,0,2,-9,-9,-9,-9,-9
0,0,0,0,0,0,0,0,2,0,0,0,0,0
-9,-9,-9,-9,-9,-9,-9,-9,-9,-9,-9,-9,-9,-9
2,2,2,2,2,2,2,2,0,2,2,2,2,2
2,2,2,2,2,2,2,2,0,2,2,2,2,2
2,2,2,2,2,2,2,2,0,2,2,2,2,2
2,2,2,2,2,2,2,2,0,2,2,2,2,2
2,2,2,2,2,2,2,2,0,2,2,2,2,2
2,2,2,2,2,2,2,2,0,2,2,2,2,2
2,2,2,2,2,2,2,2,0,2,2,1,1,1
2,2,2,2,2,2,2,2,0,2,1,1,1,1
-9,2,2,2,2,2,2,2,0,2,2,2,2,2
1,1,1,1,1,1,1,1,1,1,1,2,2,2
2,2,2,2,2,2,2,2,0,2,2,2,2,2
2,2,2,2,2,2,-9,-9,-9,2,2,2,2,2
2,2,2,2,2,2,2,2,0,2,2,2,2,2
-9,-9,0,0,0,0,0,0,2,-9,0,0,0,0
-9,-9,-9,-9,-9,-9,0,0,2,-9,-9,0,0,0
2,2,2,2,2,2,2,2,0,2,2,2,2,2
1,1,-9,1,1,1,0,0,2,0,0,0,0,0
2,2,2,2,2,2,2,2,0,2,2,2,2,2
0,0,0,0,0,0,0,0,2,0,0,0,0,0
2,2,2,2,2,2,2,2,0,2,2,2,2,2
2,-9,-9,-9,-9,-9,2,2,0,-9,-9,-9,-9,-9
1,1,-9,1,1,1,1,1,1,1,-9,2,2,2
2,2,2,2,2,2,2,2,0,2,2,2,2,2
-9,-9,-9,-9,-9,-9,-9,-9,-9,-9,-9,1,1,1
-9,-9,0,0,0,0,-9,-9,-9,0,0,0,0,0
2,2,1,1,1,1,-9,-9,0,1,1,1,1,1
2,2,2,2,2,2,2,2,0,2,2,2,2,2
2,2,1,1,1,1,1,1,1,1,1,1,1,1
-9,1,1,1,1,1,1,1,1,2,1,2,2,2
-9,-9,-9,-9,-9,-9,-9,-9,0,-9,-9,2,2,2
2,2,2,2,2,2,2,2,0,2,2,2,2,2
2,2,2,2,2,2,2,2,0,2,2,2,2,2
-9,-9,-9,1,1,1,1,1,1,-9,-9,-9,-9,-9
1,1,1,1,1,1,1,1,1,1,1,2,2,2
-9,1,2,2,2,2,2,2,0,2,2,2,2,2
1,1,1,1,1,1,1,1,1,1,1,2,2,2
2,2,2,2,2,2,2,2,0,2,2,2,2,2
2,2,2,2,2,2,2,2,0,2,2,2,2,2
1,1,1,1,1,1,1,1,1,1,1,2,2,2
2,2,2,2,2,2,2,2,0,2,2,2,2,2
2,2,1,1,1,1,1,1,1,1,1,2,2,2
2,2,2,2,2,2,2,2,0,2,2,2,2,2
2,2,2,2,2,2,2,2,0,2,2,2,2,2
2,2,2,2,2,2,2,2,0,-9,-9,1,1,1
2,2,2,2,2,2,2,2,0,2,2,2,2,2
2,2,2,2,2,2,2,2,0,2,2,2,2,2
-9,1,2,-9,2,2,2,2,0,2,-9,2,2,2
-9,-9,2,2,2,2,2,2,0,2,2,2,2,2
2,2,2,2,2,2,2,2,0,2,2,2,2,2
2,2,2,2,2,2,2,2,0,2,2,2,2,2
2,2,2,2,2,2,2,2,0,2,2,2,2,2
2,2,2,2,2,2,2,2,0,2,2,2,2,2
1,1,1,1,1,1,1,1,0,1,1,1,1,1
0,0,2,0,0,0,0,0,2,2,0,0,0,0
1,1,2,0,0,0,0,0,2,2,1,0,0,0
0,0,2,0,0,0,0,0,2,2,-9,0,0,0
0,0,2,0,0,0,0,0,2,2,0,0,0,0
1,1,2,0,0,0,0,0,2,2,0,0,0,0
1,1,2,0,0,0,0,0,2,2,0,0,0,0
2,2,1,0,0,0,0,0,2,1,0,0,0,0
0,0,2,0,0,0,0,0,2,2,0,0,0,0
0,0,2,0,0,0,0,0,2,2,0,0,0,0
2,2,2,2,2,2,2,2,0,2,2,2,2,2
2,2,2,2,2,2,2,2,0,2,2,2,2,2
2,2,2,2,2,2,2,2,0,2,2,2,2,2
2,2,2,2,2,2,2,2,0,2,2,1,1,1
2,2,2,2,2,2,2,2,0,2,2,2,2,2
2,2,2,2,2,2,-9,2,-9,2,2,2,2,2
2,2,2,2,2,2,2,2,0,2,2,2,2,2
2,2,2,2,2,2,2,2,0,2,2,-9,2,2
2,2,2,2,2,2,2,2,0,2,2,2,2,2
2,2,2,2,2,2,2,2,0,2,2,2,2,2
2,2,2,2,2,2,2,2,0,2,2,2,2,2
