groupXX_8903978,groupXX_8904012,groupXX_8904031,groupXX_8904041,groupXX_8904384,groupXX_8904518,groupXX_8904659,groupXX_8904931,groupXX_8905523,groupXX_8905538,groupXX_8905572,groupXX_8905626,groupXX_8905781,groupXX_8905793,groupXX_8905854,groupXX_8905871,groupXX_8905877,groupXX_8905913,groupXX_8906145,groupXX_8906148,groupXX_8906184,groupXX_8906206,groupXX_8906217,groupXX_8906271,groupXX_8906491,groupXX_8910151,groupXX_8910152,groupXX_8910177,groupXX_8910364,groupXX_8910367,groupXX_8910526,groupXX_8910782,groupXX_8911311,groupXX_8911543,groupXX_8911830,groupXX_8911837,groupXX_8911839,groupXX_8911850,groupXX_8912281,groupXX_8915631,groupXX_8915680,groupXX_8915745,groupXX_8915964
-9,-9,-9,-9,-9,-9,-9,-9,1,1,-9,-9,-9,-9,-9,-9,-9,-9,-9,-9,-9,-9,-9,-9,-9,-9,-9,-9,-9,-9,-9,-9,-9,-9,-9,-9,-9,-9,-9,-9,-9,-9,-9
-9,-9,-9,-9,2,2,2,2,2,2,2,2,2,2,-9,-9,2,2,2,2,2,2,2,0,2,2,2,2,2,2,2,1,2,2,-9,-9,-9,-9,2,2,2,2,-9
-9,-9,-9,-9,2,2,2,2,2,2,2,2,2,2,-9,-9,-9,2,2,2,2,2,2,0,2,2,2,2,1,1,2,2,2,2,2,2,2,2,2,2,2,2,2
-9,-9,-9,-9,2,2,2,2,2,2,2,2,2,2,2,-9,2,-9,2,2,2,2,2,0,2,2,2,2,2,2,2,2,2,2,2,-9,-9,-9,2,2,2,2,2
-9,1,1,1,1,1,1,1,1,1,1,1,-9,-9,1,1,1,1,1,1,1,1,1,1,1,1,1,1,-9,1,1,1,1,1,1,1,1,1,2,2,2,2,2
2,2,2,2,2,2,-9,2,2,2,1,1,1,1,2,2,2,2,2,2,2,2,2,-9,2,2,2,2,2,2,2,2,2,2,2,2,2,2,2,2,2,2,2
2,2,2,2,2,2,2,2,2,2,2,2,2,2,2,-9,2,2,2,2,2,2,2,0,2,2,2,2,2,2,2,2,2,2,2,2,2,2,1,2,2,2,2
-9,-9,-9,-9,-9,-9,-9,-9,-9,-9,-9,-9,-9,-9,-9,-9,-9,-9,1,1,1,1,-9,0,-9,2,2,2,-9,-9,-9,-9,-9,-9,2,2,2,2,-9,2,-9,-9,-9
1,1,1,1,1,1,1,1,1,1,1,1,-9,1,1,1,1,1,1,1,1,1,1,1,1,1,1,1,1,1,1,1,1,1,1,1,1,1,2,1,1,1,1
1,-9,2,2,2,2,2,2,2,2,2,2,2,2,1,1,2,2,-9,2,2,2,2,0,2,2,2,2,2,2,2,2,2,2,2,2,2,2,2,2,2,2,2
-9,-9,-9,-9,-9,-9,-9,-9,-9,-9,-9,-9,-9,-9,-9,-9,-9,-9,-9,-9,-9,-9,-9,0,-9,-9,-9,-9,-9,-9,-9,-9,-9,-9,-9,-9,-9,-9,-9,-9,-9,-9,-9
0,0,-9,-9,0,0,0,0,-9,-9,1,-9,-9,-9,-9,-9,1,1,1,1,-9,-9,0,2,-9,-9,-9,-9,-9,-9,0,0,0,0,-9,-9,-9,-9,1,0,0,0,0
0,0,0,0,0,0,0,0,0,0,0,0,0,0,0,0,0,0,0,0,0,0,0,2,0,0,0,0,0,0,0,0,0,0,0,0,0,0,-9,0,0,0,-9
0,0,0,0,0,0,0,0,0,0,0,0,-9,0,0,0,0,-9,0,0,0,0,0,-9,-9,-9,-9,-9,-9,0,-9,0,0,0,-9,-9,-9,-9,-9,-9,0,0,-9
-9,-9,-9,-9,-9,-9,-9,-9,-9,-9,-9,-9,-9,-9,-9,-9,-9,-9,-9,-9,-9,-9,-9,-9,-9,0,0,0,-9,-9,-9,-9,-9,-9,-9,-9,-9,-9,-9,0,-9,-9,-9
0,0,0,0,-9,-9,-9,0,0,0,0,0,0,0,0,0,0,0,0,0,0,0,0,-9,0,-9,-9,0,0,0,0,0,0,0,0,0,0,0,0,0,0,0,0
0,0,-9,-9,0,0,0,0,-9,0,0,-9,0,0,-9,0,0,0,-9,-9,-9,-9,0,-9,0,-9,-9,-9,-9,-9,-9,-9,-9,-9,0,0,0,0,-9,-9,-9,-9,-9
0,0,0,0,0,0,0,0,0,0,0,0,0,0,0,0,0,0,0,0,0,0,0,2,0,0,0,0,0,0,0,0,0,0,0,0,0,0,0,0,0,0,0
0,0,0,0,0,0,0,0,0,0,0,0,0,0,0,0,0,0,0,0,0,0,0,2,0,0,-9,-9,0,0,0,0,0,0,0,0,0,0,0,0,0,0,0
0,0,0,0,0,0,0,0,-9,-9,0,0,0,0,0,0,0,0,0,0,0,0,0,2,0,0,0,0,0,0,0,0,0,0,0,0,0,0,0,0,0,0,0
0,0,0,0,0,0,0,0,0,0,0,0,0,0,0,0,0,0,0,0,0,0,0,2,0,0,0,0,0,0,0,0,0,0,0,0,0,0,0,0,0,0,0
-9,1,1,1,-9,-9,-9,-9,1,1,-9,-9,-9,-9,-9,-9,1,1,-9,-9,-9,-9,-9,-9,-9,-9,-9,-9,-9,-9,1,1,1,1,-9,-9,-9,-9,-9,-9,-9,-9,-9
1,1,1,1,1,1,1,1,1,1,1,1,1,1,1,-9,1,1,1,1,1,1,1,-9,1,1,1,1,1,1,1,1,1,1,1,-9,1,1,1,1,1,1,1
1,1,1,1,1,1,1,1,1,1,1,1,1,1,1,1,1,1,1,1,1,1,1,1,-9,1,1,1,1,1,1,1,1,1,1,1,1,1,1,1,1,1,1
0,0,0,0,0,0,0,0,0,0,0,0,0,0,0,0,0,0,0,0,0,0,0,2,0,0,0,0,0,0,0,0,0,0,0,0,0,0,0,0,0,0,0
-9,-9,-9,-9,-9,-9,-9,-9,1,1,1,1,1,1,-9,-9,-9,-9,-9,-9,-9,-9,-9,-9,-9,1,1,1,-9,-9,1,1,-9,-9,1,1,1,1,-9,-9,-9,-9,-9
2,2,2,2,2,2,2,2,2,2,2,2,2,2,2,2,2,2,2,2,2,2,2,0,2,2,2,2,2,2,2,2,2,2,2,2,2,2,2,2,2,2,2
0,0,0,0,0,0,0,0,0,0,0,0,0,0,0,0,0,0,0,0,0,0,0,0,-9,0,0,0,0,0,0,0,-9,0,0,0,0,0,0,0,0,0,0
0,0,0,0,0,0,0,0,0,0,0,0,0,0,0,0,0,0,0,0,0,0,0,1,0,0,0,0,0,0,0,0,0,0,0,0,0,0,0,0,0,0,0
0,0,0,0,0,0,0,0,0,0,0,0,0,0,0,0,0,0,0,0,0,0,0,1,0,0,0,0,0,0,0,0,0,0,0,0,0,0,0,-9,0,0,0
0,0,0,0,0,0,0,0,0,0,0,0,0,0,0,0,0,0,0,0,0,0,0,0,-9,0,0,0,0,0,0,0,0,0,0,0,0,0,0,0,0,0,0
0,0,0,0,0,0,0,0,0,0,0,0,0,0,0,0,0,0,0,0,0,0,0,0,-9,0,0,0,0,0,0,0,0,0,0,0,0,0,0,0,0,0,0
0,0,0,0,0,0,0,0,0,0,0,0,0,0,0,0,0,0,0,0,0,0,0,0,-9,0,0,0,0,0,0,0,0,0,0,0,0,0,0,0,0,0,0
0,0,0,0,0,0,0,0,0,0,0,0,0,0,0,0,0,0,0,0,0,0,0,0,-9,0,0,0,0,0,0,0,0,0,0,0,0,0,0,0,0,0,0
0,0,0,0,0,0,0,0,0,0,0,0,0,0,0,0,0,0,0,0,0,0,0,0,-9,0,0,0,0,0,0,0,0,0,0,0,0,0,0,0,0,0,0
0,0,0,0,0,0,0,0,0,0,0,0,0,0,0,0,0,0,0,0,0,0,0,0,-9,0,0,0,0,0,0,0,0,0,0,0,0,0,0,0,0,0,0
0,0,0,0,0,0,0,0,0,0,0,0,0,0,0,0,0,0,0,0,0,0,0,2,0,0,0,0,0,0,0,0,0,0,2,2,2,2,0,0,0,0,2
0,0,0,0,0,0,0,0,0,0,0,0,0,0,0,0,0,0,0,0,0,0,0,2,0,0,0,0,0,0,0,0,0,0,-9,-9,-9,-9,0,0,0,0,2
0,0,0,0,0,0,0,0,0,0,0,0,0,0,0,0,0,0,0,0,0,0,0,2,0,0,0,0,0,0,0,0,0,0,2,2,2,2,0,0,0,0,2
0,0,0,0,0,0,0,0,0,-9,0,0,0,0,0,0,0,0,0,0,0,0,0,2,0,0,0,0,0,0,0,0,0,0,2,2,2,2,0,0,0,0,2
0,0,0,0,0,0,0,0,0,0,0,0,0,0,0,0,0,0,1,0,0,0,0,2,0,0,0,0,0,0,0,0,0,0,2,-9,-9,-9,0,0,0,0,2
0,0,0,0,0,0,0,0,0,0,0,0,0,0,0,0,0,0,0,0,0,0,0,2,0,0,0,0,0,0,0,0,0,0,2,2,2,2,0,0,0,0,2
0,0,0,0,0,0,0,0,0,0,0,0,0,0,0,0,0,0,0,0,0,0,0,2,0,0,0,0,0,0,0,0,0,0,2,2,2,2,0,0,0,0,2
0,0,0,0,0,0,0,0,0,0,0,0,0,0,0,0,0,0,0,0,0,0,0,2,0,0,0,0,0,0,0,0,0,0,2,2,2,2,0,0,0,0,2
0,0,0,0,0,0,0,0,0,0,0,0,0,0,0,0,0,0,0,0,0,0,0,2,0,0,0,0,0,0,0,0,0,0,2,2,2,2,0,0,0,0,2
0,0,0,0,0,0,0,0,0,0,0,0,0,0,0,0,0,0,0,0,0,0,0,2,0,0,0,0,0,0,0,0,0,0,2,2,2,2,0,0,0,0,2
0,0,0,0,0,0,0,0,0,0,0,0,0,0,0,0,0,0,0,0,0,0,0,2,0,0,0,0,0,0,0,0,0,0,2,2,2,2,0,0,0,0,2
0,0,0,0,0,0,0,0,0,0,0,0,0,0,0,0,0,0,0,0,0,0,0,2,0,0,0,0,0,0,0,0,0,0,2,2,2,2,0,0,0,0,2
0,0,0,0,0,0,0,0,0,0,0,0,0,0,0,0,0,-9,0,0,0,0,0,2,0,0,0,0,0,0,0,0,0,0,2,2,2,2,0,0,0,0,2
0,0,0,0,0,0,0,0,0,0,0,0,0,0,0,0,0,0,0,0,0,0,0,2,0,0,0,0,0,0,0,0,0,0,2,2,2,-9,0,0,0,0,2
0,0,0,0,0,0,0,0,0,0,0,0,0,0,0,0,0,0,0,0,0,0,0,2,0,0,0,0,0,0,0,0,0,0,2,2,2,2,0,0,0,0,2
0,0,0,0,0,0,0,0,0,0,0,0,0,0,0,0,0,0,0,0,0,0,0,2,0,0,0,0,0,0,0,0,0,0,2,2,2,2,0,0,0,0,2
0,0,0,0,0,0,0,0,0,0,0,0,0,0,0,0,0,0,0,0,0,0,0,2,0,0,0,0,0,0,0,0,0,0,2,2,2,2,0,0,0,0,2
0,0,0,0,0,0,0,0,0,0,0,0,0,0,0,0,0,0,0,0,0,0,0,2,0,0,0,0,0,0,0,0,0,0,2,2,2,2,0,0,0,0,2
0,0,0,0,0,0,0,0,0,0,0,0,0,0,0,0,0,0,0,0,0,0,0,2,0,0,0,0,0,0,0,0,0,0,-9,-9,-9,-9,0,0,0,0,2
0,0,0,0,0,0,0,0,0,0,0,0,0,0,0,0,0,0,0,0,0,0,0,2,0,0,0,0,-9,-9,0,0,0,0,2,2,2,2,0,0,0,0,2
0,0,0,0,0,0,0,0,0,0,0,0,0,0,0,0,0,0,0,0,0,0,0,0,-9,0,0,0,0,0,0,0,0,0,0,0,0,0,0,0,0,0,0
0,0,0,0,0,0,0,0,0,0,0,0,0,0,0,0,0,0,0,0,0,0,0,1,0,0,0,0,0,0,0,0,0,0,0,0,0,0,0,0,0,0,0
0,0,0,0,0,0,0,0,0,0,0,0,0,0,0,0,0,0,0,0,0,0,0,0,-9,0,0,0,0,0,0,0,0,0,0,0,0,0,0,0,0,0,0
0,0,0,0,0,0,0,0,0,0,0,0,0,0,0,0,0,0,0,0,0,0,0,0,0,0,0,0,0,0,0,0,0,0,-9,-9,-9,-9,0,0,0,0,0
0,0,0,0,0,0,0,0,0,0,0,0,0,0,0,0,0,0,0,0,0,0,0,-9,-9,0,0,0,0,0,0,0,0,0,0,0,0,0,0,0,0,0,0
0,0,0,0,0,0,0,0,0,0,0,0,0,0,0,0,0,0,0,0,0,0,0,0,-9,0,0,0,0,0,0,0,0,0,0,0,0,0,0,0,0,0,0
0,0,0,0,0,0,0,0,0,0,0,0,0,0,0,0,0,0,0,0,0,0,0,0,0,0,0,0,0,0,0,0,0,0,0,0,0,0,0,0,0,0,0
0,0,0,0,0,0,0,0,0,0,0,0,0,0,0,0,0,0,0,0,0,0,0,0,0,0,0,0,0,0,0,0,0,0,0,0,0,0,0,0,0,0,0
0,0,0,0,0,0,0,0,0,-9,0,0,0,0,0,0,0,0,0,0,0,0,0,0,-9,0,0,0,0,0,0,0,0,0,0,0,0,0,0,0,0,0,0
0,0,0,0,0,0,0,0,0,0,0,0,0,0,0,0,0,0,0,0,0,0,0,0,-9,0,0,0,0,0,0,0,0,0,0,0,0,0,0,0,0,0,0
0,0,0,0,0,0,0,1,0,0,0,0,0,0,0,0,0,0,0,0,0,0,0,2,0,0,0,0,0,0,0,0,0,0,0,0,0,0,0,0,0,0,0
0,0,0,0,0,0,0,0,0,0,0,0,0,0,0,0,0,0,0,0,0,0,0,0,-9,0,0,0,0,0,0,0,0,0,0,0,0,0,0,0,0,0,0
0,0,0,0,0,0,0,0,0,0,0,0,0,0,0,0,0,0,0,0,0,0,0,0,0,0,0,0,0,0,0,0,0,0,0,0,0,0,0,0,0,0,0
0,0,0,0,0,0,0,0,0,0,0,0,0,0,0,0,0,0,0,0,0,0,0,0,-9,0,0,0,0,0,0,0,0,0,0,0,0,0,0,0,0,0,0
0,0,0,0,0,-9,0,0,0,0,0,0,0,0,0,0,0,0,0,0,0,0,0,0,-9,0,0,0,0,0,0,0,0,0,0,0,0,0,0,-9,0,0,0
0,0,0,0,0,0,0,0,0,0,0,0,0,0,0,0,0,0,0,0,0,0,0,0,-9,0,0,0,0,0,0,0,0,0,0,0,0,0,0,0,0,0,0
0,0,0,0,0,0,0,0,0,0,0,0,0,0,0,0,0,0,0,0,0,0,0,-9,-9,0,0,0,0,0,0,0,0,0,0,0,0,0,0,0,0,0,0
0,0,0,0,0,0,0,0,0,0,0,0,0,0,0,0,0,1,0,0,0,0,0,0,0,0,0,0,0,0,0,0,0,0,0,0,0,0,0,0,0,0,0
0,0,0,0,0,0,0,0,0,0,0,0,0,0,0,0,0,0,0,0,0,0,0,0,0,0,0,0,0,0,0,0,0,0,0,0,0,0,0,0,0,0,0
0,0,0,0,0,0,0,0,0,0,0,0,0,0,0,0,0,1,0,0,0,0,0,0,0,0,0,0,0,0,0,0,0,0,0,0,0,0,0,0,0,0,0
0,0,0,0,0,0,-9,0,0,0,0,0,0,0,0,0,0,0,0,0,0,0,0,2,0,0,0,0,-9,-9,0,0,0,0,1,1,1,1,0,-9,1,1,2
0,0,0,0,0,0,0,0,0,0,0,0,0,0,0,0,0,0,0,0,0,0,0,2,0,0,0,0,0,0,0,0,0,0,1,1,1,1,0,1,1,1,1
0,0,0,0,0,0,0,0,0,0,0,0,0,0,0,0,0,0,0,0,0,0,0,2,0,0,0,0,0,0,0,0,0,0,2,2,2,2,0,0,0,0,2
0,0,0,0,0,0,0,0,0,0,0,0,0,0,0,0,0,-9,0,0,0,0,0,2,0,0,0,0,0,0,0,0,0,0,2,2,2,2,0,0,0,0,2
0,0,0,0,0,0,-9,0,0,0,0,0,0,0,0,0,0,1,0,0,0,0,0,2,0,0,0,0,0,0,0,0,0,0,2,2,2,2,0,1,1,1,2
0,0,0,0,0,0,0,0,0,0,0,0,0,0,0,0,0,1,0,0,0,0,0,2,0,0,0,0,0,0,0,0,0,0,2,2,2,2,0,0,0,0,2
0,0,0,0,0,0,0,0,0,0,0,0,0,0,0,0,0,1,0,0,0,0,0,2,0,0,0,0,0,0,0,0,0,0,2,2,2,2,0,1,0,0,2
0,0,0,0,0,0,0,0,0,0,0,0,-9,0,0,0,0,0,0,0,0,0,0,2,0,0,0,0,0,0,0,0,0,0,2,2,2,2,0,0,0,0,2
0,0,0,0,0,0,0,0,0,0,0,0,0,0,0,0,0,0,0,0,0,0,0,2,0,0,0,0,0,0,0,0,0,0,2,-9,-9,-9,0,0,0,0,2
0,0,0,0,0,0,0,0,0,0,0,0,0,0,0,0,0,1,0,0,0,0,0,2,0,0,0,0,0,0,0,0,0,0,2,2,2,2,0,0,0,0,2
0,0,0,-9,0,0,0,0,0,0,0,0,0,0,0,0,0,1,0,0,0,0,0,2,0,0,0,0,0,0,0,0,0,0,2,2,2,2,0,0,0,0,2
0,0,0,0,0,0,0,0,0,0,0,0,0,0,0,0,0,1,0,0,0,0,0,-9,0,0,0,0,0,0,0,0,0,0,2,2,2,2,0,0,0,0,2
0,0,0,0,0,0,0,0,0,0,0,0,0,0,0,0,0,0,0,0,0,0,0,2,0,0,0,0,0,0,0,0,0,0,2,2,2,2,0,0,0,0,2
0,0,0,0,0,0,0,0,0,0,0,0,0,0,0,0,0,1,0,0,0,0,0,2,0,0,0,0,0,0,0,0,0,0,2,2,2,2,0,0,0,0,2
0,0,0,0,0,0,0,0,0,0,0,0,0,0,0,0,0,1,0,0,0,0,0,2,0,0,0,0,0,0,0,0,0,0,2,2,2,2,0,0,0,0,2
0,0,0,-9,1,1,-9,0,0,0,0,0,-9,0,0,0,0,0,0,0,0,0,0,1,-9,-9,-9,-9,-9,-9,0,0,-9,0,0,0,0,0,0,1,1,-9,1
0,0,0,0,0,0,0,0,0,0,0,0,0,0,0,0,0,0,0,0,0,0,0,1,0,0,0,0,0,0,0,0,0,0,-9,-9,-9,-9,0,1,1,1,1
0,0,0,-9,0,0,-9,0,0,0,0,0,0,0,0,0,0,0,0,0,0,0,0,-9,0,-9,-9,0,-9,0,0,-9,0,0,0,0,0,0,0,2,2,-9,2
0,0,0,-9,0,0,0,0,0,0,0,0,0,0,0,0,0,0,0,0,0,0,0,-9,-9,0,0,0,0,0,0,0,0,0,-9,-9,-9,-9,0,0,0,0,0
0,0,0,-9,-9,0,0,0,0,0,0,0,0,0,0,0,0,0,0,0,0,0,0,-9,-9,-9,-9,-9,-9,0,1,0,0,0,0,0,0,0,0,1,-9,1,1
0,0,0,1,0,0,0,0,0,0,0,0,0,0,0,0,0,0,0,0,0,0,0,1,0,0,0,0,0,0,-9,0,0,0,-9,-9,-9,-9,0,1,1,1,1
0,0,0,1,0,0,0,0,0,0,0,0,0,0,0,0,0,0,0,0,0,0,0,-9,0,0,0,0,0,0,0,0,0,0,0,0,0,0,0,-9,0,0,0
0,0,0,0,0,0,0,0,0,0,0,0,0,0,0,0,0,0,0,0,0,0,0,1,-9,0,0,0,0,0,0,0,0,0,0,0,0,0,0,1,1,1,1
0,0,0,0,0,0,0,0,0,0,0,0,0,0,0,0,0,0,0,0,0,0,0,2,0,0,0,0,0,0,0,0,0,0,0,0,0,0,0,1,1,0,1
0,0,0,0,0,0,0,0,0,0,0,0,0,0,0,0,0,0,0,0,0,0,0,2,0,1,1,1,0,0,-9,0,0,0,0,0,0,0,0,1,1,1,1
0,0,0,0,0,0,0,0,0,0,0,0,0,0,0,0,0,0,0,0,0,0,0,0,0,0,0,0,0,0,0,0,0,0,0,0,0,0,0,0,0,0,0
0,0,0,1,0,0,0,0,0,0,0,0,0,0,0,0,0,0,0,0,0,0,0,1,0,0,0,0,0,0,0,0,0,0,0,0,0,0,0,0,0,0,0
0,0,0,-9,0,0,0,0,0,0,0,0,0,0,0,0,0,0,0,0,0,0,0,1,0,0,0,0,0,0,0,0,0,0,0,0,0,0,0,1,1,1,1
0,0,0,-9,0,0,0,0,0,0,0,0,0,0,0,0,0,0,0,0,0,0,0,1,0,0,0,0,0,0,0,0,0,0,0,0,0,0,0,1,1,1,1
0,0,0,-9,0,0,0,0,0,0,0,0,0,0,0,0,0,0,0,0,0,0,0,1,0,-9,-9,0,0,0,0,0,0,0,0,-9,0,-9,0,1,1,1,1
0,0,0,1,0,0,0,0,0,0,0,0,0,0,0,0,0,0,0,0,0,0,0,1,0,0,0,0,0,0,0,0,0,0,0,0,0,0,0,1,1,1,1
0,0,0,1,0,0,0,0,0,0,0,0,0,0,0,0,0,0,0,0,0,0,0,1,0,0,0,0,0,0,0,0,0,0,0,0,0,0,0,0,0,0,0
0,0,0,-9,0,0,0,0,0,0,0,0,0,0,0,0,0,0,0,0,0,0,0,0,-9,0,0,0,0,0,1,0,0,0,0,0,0,0,0,0,0,0,0
0,0,0,0,0,0,0,0,0,0,0,0,0,0,0,0,0,0,0,0,0,0,0,2,0,0,0,0,0,0,0,0,0,0,0,0,0,0,0,1,1,1,1
0,0,0,1,0,0,0,0,0,0,0,0,0,0,0,0,0,0,0,0,0,0,0,1,0,0,0,0,0,0,0,0,0,0,0,0,0,0,0,2,2,2,2
0,0,0,0,-9,-9,0,0,0,0,0,0,-9,-9,0,0,0,0,0,0,0,0,0,1,-9,0,0,0,0,0,0,0,0,0,0,0,0,1,0,0,0,0,0
0,0,0,0,0,0,0,0,0,0,0,1,0,0,0,0,0,0,0,0,0,0,0,1,-9,0,0,0,0,0,0,0,0,0,0,0,0,0,0,0,-9,0,0
0,0,0,0,0,0,0,0,0,0,0,0,0,0,0,0,0,0,0,0,0,0,0,0,-9,0,0,0,0,0,0,0,0,0,0,0,0,0,0,0,0,0,0
0,0,0,0,0,0,0,0,0,0,0,0,0,0,0,0,0,0,0,0,0,0,0,0,-9,0,0,0,0,0,0,0,0,0,0,0,0,0,0,0,0,0,0
0,0,0,0,0,0,0,0,0,0,0,0,0,0,0,0,0,0,0,0,0,0,0,1,0,0,0,0,0,0,0,0,0,0,0,0,0,1,0,0,0,0,0
0,0,0,0,0,0,0,0,0,0,0,0,0,0,0,0,0,0,0,0,0,0,0,2,0,0,0,0,0,0,0,-9,0,0,-9,-9,1,1,0,0,0,0,0
0,0,0,0,0,0,0,0,0,0,0,0,0,0,0,0,0,0,0,0,0,0,0,0,-9,0,0,0,0,0,0,0,0,0,0,0,0,0,0,0,0,-9,0
0,0,0,0,0,0,0,0,0,0,0,0,0,0,0,0,0,0,0,0,0,0,0,0,-9,0,0,0,0,0,0,0,0,0,0,0,0,0,0,0,0,0,0
0,0,0,0,0,0,0,0,0,0,0,0,0,0,0,0,0,0,0,0,0,0,0,0,-9,0,0,0,0,0,0,0,0,0,0,0,0,0,0,0,0,0,0
0,0,0,0,0,0,0,0,0,0,0,0,0,0,0,0,0,0,0,0,0,0,0,0,-9,0,0,0,0,0,0,0,0,0,0,0,0,0,0,0,0,0,0
0,0,0,0,0,0,0,0,0,0,0,0,0,0,0,0,0,0,0,0,0,0,0,0,-9,0,0,0,0,0,0,0,0,0,0,0,0,0,0,0,0,0,0
0,0,0,0,0,0,0,0,0,0,0,0,0,0,0,0,0,0,0,0,0,0,0,0,-9,0,0,0,0,0,0,0,0,0,0,0,0,0,0,0,0,0,0
0,0,0,0,0,0,0,0,0,0,0,0,0,0,0,0,0,0,0,0,0,0,0,1,0,0,0,0,0,0,0,0,0,0,0,0,0,0,0,0,0,0,0
0,0,0,0,0,0,0,0,0,0,0,0,0,0,0,0,0,0,0,0,0,0,0,0,-9,0,0,0,0,0,0,0,0,0,0,0,0,0,0,0,0,0,0
0,0,0,0,0,0,0,0,0,0,0,0,0,0,0,0,0,0,0,0,0,0,0,1,0,0,0,0,0,0,0,0,0,0,0,0,0,0,0,0,0,0,0
0,0,0,0,0,0,0,0,0,0,0,0,0,0,0,0,0,0,0,0,0,0,0,1,-9,0,0,0,0,0,0,0,0,0,0,0,0,1,0,0,0,0,0
0,0,0,0,0,0,0,0,0,0,0,0,0,0,0,0,0,0,0,0,0,0,0,0,-9,0,0,0,0,0,0,0,0,0,0,0,0,0,0,0,0,0,0
0,0,0,0,0,0,0,0,0,0,0,0,0,0,0,0,0,0,0,0,0,0,0,1,0,0,0,0,0,0,0,0,0,0,0,0,0,0,0,0,0,0,0
0,0,0,0,0,0,0,0,0,0,0,0,0,0,0,0,0,0,0,0,0,0,0,1,0,0,0,0,0,0,0,0,0,0,0,0,0,0,0,0,0,0,0
0,0,-9,-9,-9,-9,-9,-9,1,-9,-9,-9,-9,-9,-9,-9,-9,-9,-9,-9,-9,-9,-9,-9,-9,-9,-9,-9,-9,-9,-9,-9,-9,-9,1,1,1,1,-9,-9,-9,-9,-9
0,0,-9,-9,0,0,0,-9,0,0,0,0,0,0,0,0,0,0,0,0,0,0,0,1,-9,1,1,-9,-9,0,-9,0,0,0,-9,-9,-9,-9,1,-9,0,0,1
0,0,0,0,-9,-9,-9,-9,0,-9,0,0,0,0,0,0,0,-9,0,0,0,0,-9,-9,-9,2,2,2,-9,-9,-9,0,-9,-9,-9,-9,-9,-9,-9,2,0,1,1
0,0,-9,-9,-9,-9,-9,-9,0,0,0,0,-9,-9,0,0,0,0,0,0,0,0,-9,-9,-9,-9,-9,-9,-9,0,-9,0,-9,-9,-9,-9,-9,-9,-9,-9,0,0,0
0,0,0,0,0,0,0,0,0,0,0,0,0,0,0,0,0,-9,0,0,0,0,1,1,1,2,2,2,0,0,0,0,0,0,0,0,0,0,1,2,0,0,0
0,0,0,0,0,0,0,0,0,0,0,0,0,0,0,0,0,0,0,0,0,0,0,-9,-9,2,2,2,0,0,0,0,0,0,-9,-9,-9,-9,0,2,0,0,-9
0,0,0,0,0,0,0,0,0,0,0,0,0,0,0,0,1,1,1,1,1,1,0,2,0,2,2,2,0,0,0,0,0,0,0,0,0,0,0,2,0,0,0
0,0,0,0,0,0,0,0,0,0,0,0,0,0,0,0,0,0,-9,-9,-9,-9,0,2,-9,2,2,2,0,0,0,0,0,0,0,-9,-9,-9,0,2,0,0,0
0,0,0,0,-9,0,0,0,0,0,0,0,0,0,0,0,0,0,0,0,0,0,0,2,0,2,2,2,0,0,0,0,0,0,0,0,0,0,0,2,0,0,0
0,0,0,0,0,0,0,0,0,0,0,0,0,0,0,0,0,0,0,0,0,0,0,2,0,2,2,2,0,0,0,0,0,0,0,0,0,0,0,2,0,0,0
0,0,0,0,-9,-9,0,0,0,0,0,0,0,0,0,0,0,1,1,1,1,1,0,2,0,2,2,2,0,0,0,0,0,0,0,-9,-9,-9,0,2,0,0,0
0,0,0,0,0,0,0,0,0,0,0,0,0,0,0,0,0,0,0,0,0,0,0,2,0,2,2,2,0,0,0,0,0,0,0,0,0,0,0,2,0,0,0
0,0,0,0,0,0,0,0,0,0,0,0,0,0,0,0,0,0,0,0,0,0,0,-9,0,1,1,1,0,0,0,0,0,0,0,0,0,0,-9,-9,0,0,0
0,0,0,0,0,0,0,0,0,0,0,0,0,0,0,0,0,0,0,0,0,0,0,0,0,-9,-9,-9,-9,0,0,0,0,0,-9,-9,-9,-9,1,-9,0,0,-9
0,0,0,0,0,0,0,0,0,0,0,0,0,0,0,0,0,0,0,0,0,0,0,0,0,-9,-9,-9,0,0,0,0,0,0,0,-9,0,0,0,-9,0,0,1
-9,-9,-9,-9,-9,-9,-9,-9,-9,-9,-9,-9,-9,-9,-9,-9,-9,-9,-9,-9,-9,-9,-9,-9,-9,-9,-9,-9,-9,-9,-9,-9,-9,-9,-9,-9,-9,-9,-9,-9,-9,-9,-9
0,0,0,0,0,0,0,0,0,0,0,0,0,0,0,0,0,0,0,0,0,0,0,0,0,2,2,2,-9,0,0,1,0,0,-9,-9,-9,-9,2,-9,0,0,0
0,0,0,0,0,0,0,0,0,0,0,0,0,0,0,0,0,0,0,0,0,0,0,0,0,2,2,2,0,0,0,0,0,0,0,0,0,0,1,-9,0,0,0
0,0,0,0,0,0,0,0,0,0,0,0,0,0,0,0,0,0,0,0,0,0,0,0,0,2,2,2,0,0,0,0,0,0,0,0,0,0,0,2,0,0,1
0,0,0,0,0,0,-9,0,0,0,0,0,0,0,0,0,0,0,0,0,0,0,0,0,0,2,2,2,0,0,0,0,0,0,0,0,0,0,0,2,0,0,1
0,0,0,0,0,0,0,0,0,0,0,0,0,0,0,0,0,0,0,0,0,0,0,0,0,2,2,2,-9,0,0,0,0,0,0,0,0,0,0,2,0,0,0
-9,-9,2,2,2,2,2,2,2,2,2,2,2,2,2,2,2,-9,2,2,2,2,2,0,2,2,2,2,2,2,2,2,2,2,2,2,2,2,2,2,2,2,2
2,2,2,2,2,2,2,2,2,2,2,2,2,2,2,2,2,2,2,2,2,2,2,0,2,2,2,2,2,2,2,2,2,2,2,2,2,2,2,2,2,2,2
2,2,2,2,2,2,2,2,2,2,2,2,2,2,2,2,2,2,2,2,2,2,2,0,2,2,2,2,2,2,2,2,2,2,2,2,2,2,2,2,2,2,2
2,2,2,2,2,2,2,2,2,2,2,2,2,2,2,2,2,2,2,2,2,2,2,0,2,2,2,2,2,2,2,2,2,2,2,2,2,2,2,2,2,2,2
2,2,-9,-9,2,2,2,2,2,2,2,2,2,2,2,2,2,2,2,2,2,2,2,0,2,2,2,2,-9,2,2,2,2,2,2,2,2,2,2,2,2,2,2
2,2,-9,-9,2,2,2,2,2,2,2,2,2,2,2,2,2,2,2,2,2,2,2,0,2,2,2,2,2,2,2,2,2,2,2,2,2,2,2,2,2,2,2
-9,-9,-9,-9,2,2,2,2,2,2,2,2,2,2,2,2,2,2,2,2,2,2,2,0,2,2,2,2,2,2,2,2,2,2,1,1,1,1,2,2,2,-9,2
2,2,2,2,2,2,2,2,2,2,2,2,2,2,2,2,2,2,2,2,2,2,2,0,2,2,2,2,-9,2,2,2,2,2,2,2,2,2,2,2,2,2,2
2,2,-9,-9,2,2,2,2,2,2,2,2,2,2,2,2,2,2,2,2,2,2,2,0,2,2,2,2,2,2,2,2,2,2,2,2,2,2,2,2,2,2,2
2,2,1,1,2,2,2,2,2,2,2,2,2,2,2,2,2,2,2,2,2,2,2,0,2,2,2,2,2,2,2,2,2,2,2,2,2,2,2,2,2,2,2
0,0,0,0,0,0,0,0,0,0,0,0,-9,0,0,0,0,0,0,0,0,0,0,2,0,0,0,0,-9,0,1,0,0,0,0,0,0,0,0,0,0,0,0
0,0,0,0,0,0,0,0,0,0,0,0,0,0,0,0,0,0,0,0,0,0,0,2,0,0,0,0,0,0,0,0,0,0,0,0,0,0,0,-9,0,0,0
0,0,-9,-9,1,1,1,1,1,1,1,1,-9,-9,1,1,1,1,1,1,1,1,1,1,1,1,1,1,-9,-9,1,1,1,1,1,1,1,1,1,1,1,1,1
0,0,0,0,0,0,0,0,0,0,0,0,0,0,0,0,0,0,0,0,0,0,0,2,-9,0,0,0,0,0,-9,0,0,0,0,0,0,0,0,0,0,0,0
0,0,0,0,0,0,0,0,0,0,0,0,0,0,0,0,0,0,0,0,0,0,0,2,0,0,0,0,0,0,-9,0,0,0,0,0,0,0,0,0,0,0,0
0,0,1,0,1,1,1,1,1,1,1,1,1,1,1,1,1,1,1,1,1,1,1,1,1,1,1,1,1,1,1,1,1,1,1,1,1,1,1,1,1,1,1
-9,-9,-9,-9,2,2,2,2,2,2,2,2,2,2,-9,1,-9,-9,2,2,2,2,2,0,2,2,2,2,2,2,-9,2,2,2,2,2,2,2,2,-9,2,2,2
1,1,1,1,1,1,1,1,1,1,1,1,1,1,1,1,1,1,1,1,1,1,1,1,2,1,1,1,2,1,1,1,1,1,1,1,1,1,1,1,1,1,1
0,0,0,0,1,1,1,1,1,1,1,1,1,1,1,1,1,1,1,1,1,1,1,1,1,1,1,1,1,1,1,1,1,1,1,1,1,1,1,1,1,1,1
-9,-9,2,2,2,-9,2,2,2,2,2,2,2,2,2,2,2,-9,2,2,2,2,2,0,2,2,2,2,2,2,2,2,2,2,2,2,2,2,2,2,2,2,2
-9,-9,-9,-9,1,1,2,2,2,2,2,2,2,2,2,2,2,2,2,2,2,2,2,0,2,2,2,2,2,2,2,1,2,2,2,2,2,2,2,2,2,2,2
2,-9,1,1,2,2,2,2,2,2,2,2,2,2,2,2,2,2,2,2,2,2,2,0,2,2,2,2,1,1,2,2,2,2,2,2,2,2,2,2,2,2,2
-9,-9,-9,-9,2,2,2,2,2,2,2,2,2,2,2,2,2,2,2,2,2,2,2,0,2,2,2,2,1,-9,2,2,2,2,2,2,2,2,2,2,2,2,2
-9,-9,-9,-9,-9,-9,-9,1,1,-9,-9,-9,-9,-9,-9,-9,1,1,-9,-9,-9,-9,-9,-9,-9,-9,-9,-9,-9,-9,-9,-9,-9,1,-9,-9,-9,-9,-9,-9,-9,-9,-9
0,0,0,0,0,0,0,0,-9,0,0,0,0,-9,0,0,-9,-9,-9,-9,-9,-9,-9,-9,-9,-9,-9,-9,-9,-9,-9,-9,0,0,0,0,0,0,-9,-9,-9,-9,-9
0,0,0,0,0,0,-9,-9,0,-9,0,0,0,-9,0,0,-9,0,0,0,0,0,-9,-9,-9,-9,-9,0,-9,-9,-9,0,-9,-9,0,0,0,-9,-9,-9,-9,-9,-9
-9,-9,-9,-9,2,2,2,2,-9,2,2,2,2,-9,2,-9,2,-9,-9,-9,-9,-9,-9,0,2,2,2,2,-9,-9,-9,-9,-9,-9,-9,-9,-9,-9,-9,2,-9,-9,-9
-9,-9,-9,-9,-9,-9,-9,-9,-9,-9,0,0,-9,-9,0,-9,-9,-9,-9,-9,-9,-9,0,2,-9,-9,-9,-9,-9,-9,-9,-9,-9,0,-9,-9,-9,-9,-9,-9,-9,-9,-9
1,1,-9,-9,-9,-9,-9,0,0,0,0,0,0,0,0,0,0,0,0,0,0,0,0,2,-9,-9,-9,-9,-9,-9,-9,0,-9,0,0,0,0,0,2,0,0,0,0
-9,-9,-9,-9,-9,-9,-9,-9,1,-9,-9,-9,-9,-9,-9,-9,-9,-9,-9,-9,-9,-9,-9,-9,-9,-9,-9,-9,-9,-9,-9,-9,-9,-9,-9,-9,-9,-9,-9,-9,-9,-9,-9
0,0,-9,-9,-9,1,-9,-9,1,1,1,1,1,-9,-9,-9,-9,-9,-9,-9,-9,-9,-9,-9,-9,2,2,2,-9,-9,-9,-9,-9,2,1,1,1,-9,2,1,1,-9,1
1,1,1,1,1,1,1,1,1,1,1,1,1,1,-9,1,1,1,1,1,1,1,1,1,1,1,1,1,1,1,-9,1,1,1,1,1,1,1,2,2,1,1,1
-9,-9,-9,-9,-9,-9,-9,-9,2,-9,-9,-9,-9,-9,-9,-9,-9,-9,-9,-9,-9,-9,-9,-9,-9,-9,-9,-9,-9,-9,-9,2,-9,2,2,2,2,2,2,-9,-9,-9,-9
0,1,1,1,1,1,1,1,1,1,1,1,1,1,1,1,1,1,1,1,1,1,1,1,-9,1,1,1,1,1,1,1,1,1,1,1,1,1,1,1,1,1,1
0,0,-9,-9,-9,-9,0,0,-9,-9,0,0,-9,-9,0,0,-9,0,0,0,0,0,0,2,0,0,0,0,0,0,0,0,-9,0,0,0,0,0,0,0,0,0,0
-9,-9,-9,-9,2,2,2,2,2,2,2,2,2,2,2,-9,2,2,2,2,2,2,2,0,2,2,2,2,1,1,-9,2,2,2,2,2,2,2,2,2,2,2,2
0,0,-9,-9,1,-9,1,1,1,1,1,1,1,1,1,1,1,1,1,1,1,1,-9,-9,-9,1,1,1,1,1,1,1,1,1,1,1,1,1,1,1,1,1,1
-9,-9,-9,-9,1,1,1,1,1,1,1,1,-9,1,1,1,1,1,1,1,1,1,1,1,1,1,1,1,1,-9,1,1,-9,2,1,1,1,1,1,1,1,0,1
0,0,0,0,0,0,0,0,1,1,1,1,1,1,1,1,1,1,1,1,1,1,1,1,1,1,1,1,1,1,1,1,1,1,1,1,1,1,1,1,1,1,1
-9,-9,-9,-9,-9,-9,2,-9,-9,-9,2,2,2,2,2,-9,2,2,2,2,2,2,2,0,2,2,2,2,2,2,2,2,2,2,2,2,2,2,1,2,2,2,2
-9,-9,-9,-9,2,2,2,2,2,2,2,2,2,2,2,2,2,2,2,2,2,2,2,0,2,2,2,2,-9,2,1,2,2,2,2,2,2,2,2,2,2,2,2
-9,-9,-9,-9,2,2,2,2,2,2,2,2,2,2,2,2,2,2,2,2,2,2,2,0,2,2,2,2,-9,2,2,2,2,2,2,2,2,2,2,2,2,2,2
0,0,-9,-9,1,1,1,1,2,2,2,2,2,2,2,-9,2,2,2,2,2,2,2,0,2,2,2,-9,2,2,-9,2,2,2,2,2,2,2,2,2,2,2,2
0,0,-9,-9,1,1,1,1,1,1,1,1,1,1,1,1,1,1,1,1,1,1,1,1,1,1,1,1,-9,-9,1,1,1,1,1,1,1,1,1,1,1,1,0
2,2,2,2,2,2,2,2,2,2,2,2,2,2,2,2,2,2,2,2,2,2,2,-9,2,2,2,2,2,2,2,2,2,2,2,2,2,2,1,-9,2,2,2
0,0,0,0,-9,-9,-9,-9,0,0,1,1,1,1,0,0,0,-9,0,0,0,0,0,2,-9,0,0,0,0,0,0,0,0,0,0,0,0,0,-9,-9,-9,-9,0
1,1,2,-9,2,2,2,2,2,2,2,2,2,2,2,2,2,2,2,2,2,2,2,0,2,2,2,2,2,2,2,-9,2,2,2,2,2,2,2,2,2,2,2
-9,-9,2,2,2,2,2,2,2,2,2,2,2,2,2,2,2,2,2,2,2,2,-9,-9,2,2,2,2,2,2,2,2,2,2,2,2,2,2,2,2,2,2,2
2,2,2,2,2,2,2,2,2,2,2,2,2,2,2,2,2,1,2,2,2,2,2,0,2,2,2,2,2,2,2,2,2,2,2,2,2,2,2,2,1,1,-9
2,-9,2,2,2,2,2,2,2,2,2,2,2,2,2,2,2,2,2,2,2,2,2,0,2,2,2,2,1,2,2,2,2,2,2,2,2,2,2,2,2,2,2
2,2,2,2,2,2,2,2,2,2,2,2,2,2,2,2,2,2,2,2,2,2,2,0,2,2,2,2,1,2,2,2,2,2,2,2,2,2,2,2,2,2,2
2,2,2,2,2,2,2,2,2,2,2,2,2,2,2,2,2,2,2,2,2,2,2,0,2,2,2,2,2,2,2,2,2,2,2,2,2,2,2,2,2,2,2
2,2,2,2,2,2,2,2,2,2,2,2,2,2,2,2,2,2,2,2,2,2,2,0,2,2,2,2,2,2,2,2,2,2,2,2,2,2,2,2,2,2,2
0,0,-9,-9,-9,-9,1,1,1,1,-9,-9,-9,-9,-9,-9,-9,1,1,1,1,1,1,1,-9,0,0,0,-9,-9,1,1,-9,1,1,1,1,1,1,1,1,-9,1
0,0,0,0,0,0,0,0,0,0,0,0,0,0,0,0,0,0,0,0,0,0,0,2,0,0,0,0,0,0,0,0,0,0,1,1,1,1,0,0,0,1,0
0,0,0,0,1,1,1,1,1,1,1,1,1,1,1,1,1,1,1,1,1,1,1,1,1,1,1,1,1,1,1,1,1,1,1,1,1,1,1,0,0,0,0
1,1,1,1,-9,-9,-9,-9,-9,-9,-9,-9,-9,-9,-9,-9,1,1,-9,-9,-9,-9,-9,-9,-9,-9,-9,-9,-9,-9,-9,-9,-9,-9,-9,-9,-9,-9,-9,-9,-9,-9,-9
-9,-9,-9,-9,-9,-9,-9,-9,0,0,0,0,-9,0,0,0,0,0,0,0,0,0,0,-9,-9,0,0,0,0,0,-9,0,0,0,-9,-9,-9,-9,0,0,0,-9,-9
0,0,0,0,0,0,0,-9,0,0,0,0,0,0,0,0,0,0,0,0,0,0,0,2,-9,0,0,0,0,0,0,0,0,0,0,0,0,0,0,0,0,0,0
1,1,1,1,1,2,1,1,1,1,1,1,1,1,1,1,1,1,1,1,1,1,1,1,1,1,1,1,1,1,1,1,1,1,1,1,1,1,1,1,1,1,1
-9,-9,-9,-9,2,2,2,2,1,2,2,2,2,2,2,2,2,2,2,2,2,2,2,0,2,2,2,2,-9,2,2,2,2,2,2,2,2,2,2,2,2,2,2
1,-9,2,2,2,2,2,2,2,2,2,1,2,2,2,2,2,2,2,2,2,2,2,0,2,2,2,2,2,2,2,1,2,2,2,2,2,2,2,2,2,2,2
-9,-9,-9,-9,-9,-9,-9,-9,-9,-9,-9,-9,-9,-9,-9,1,1,1,1,1,1,1,1,1,-9,-9,-9,-9,-9,-9,-9,-9,-9,-9,1,1,1,1,-9,-9,-9,-9,-9
-9,2,1,1,2,2,2,-9,2,2,2,2,2,2,2,1,-9,2,2,2,2,2,2,0,2,2,2,2,2,2,2,2,-9,2,2,2,2,2,2,2,2,2,2
-9,0,1,1,1,1,1,1,1,1,1,1,1,1,1,1,1,1,1,1,1,1,1,1,1,1,1,1,1,1,1,1,1,1,1,1,1,1,1,1,1,1,1
0,0,-9,-9,-9,-9,-9,-9,2,2,2,2,-9,2,-9,-9,2,-9,2,2,2,2,2,0,2,2,2,2,2,2,2,2,2,2,2,2,2,2,2,2,2,2,2
0,0,0,0,1,1,1,1,2,2,2,2,2,2,2,-9,2,2,2,2,2,2,2,0,2,2,2,2,2,2,2,2,2,2,2,2,2,2,2,2,2,2,2
2,2,2,2,2,2,2,2,2,2,2,2,2,2,2,2,2,2,2,2,2,2,2,0,2,2,2,2,2,2,2,2,2,2,2,2,2,2,2,2,2,2,2
0,0,0,0,0,0,0,0,1,1,1,1,1,1,1,1,1,1,1,1,1,1,1,1,1,1,1,1,1,1,1,1,1,1,1,1,1,1,1,1,1,1,1
0,0,-9,1,1,1,1,1,2,2,2,2,2,2,2,2,2,2,2,2,2,2,2,0,2,-9,2,2,2,2,2,2,2,2,2,2,2,2,2,-9,2,2,2
0,0,0,0,0,0,1,1,2,2,2,2,2,2,2,-9,2,2,2,2,2,2,2,0,2,1,1,2,2,2,2,2,2,2,2,2,2,2,2,2,2,2,2
0,0,0,0,0,-9,0,0,2,2,2,2,2,2,2,2,2,2,2,2,2,2,2,0,2,2,2,2,2,2,2,2,2,2,-9,2,2,2,2,2,2,2,2
1,1,1,1,1,1,1,1,2,2,2,2,2,2,2,2,2,2,2,2,2,2,2,0,2,2,2,2,2,2,2,2,2,2,2,2,2,2,2,2,2,2,2
0,0,0,0,0,0,0,0,2,2,2,2,2,2,2,2,2,2,2,2,2,2,2,0,2,2,2,2,2,2,2,2,2,2,2,2,2,2,2,2,2,2,2
-9,2,2,2,2,2,2,2,2,2,2,2,2,2,2,2,2,2,2,2,2,2,2,0,2,2,2,2,2,2,1,2,2,2,2,2,2,2,-9,2,2,2,2
-9,-9,-9,1,1,1,1,1,2,2,2,2,2,2,2,2,2,2,2,2,2,2,-9,0,2,2,2,2,-9,2,2,2,2,2,2,2,2,2,2,-9,1,1,1
0,0,0,0,-9,0,-9,0,0,0,0,0,-9,0,0,0,0,0,0,0,0,0,1,1,-9,0,0,0,0,0,0,0,0,0,-9,-9,-9,-9,0,-9,0,0,0
0,0,0,0,0,0,0,0,0,0,-9,-9,-9,-9,0,0,0,-9,0,0,0,0,0,1,0,0,0,0,0,0,0,0,0,0,0,0,-9,-9,0,-9,0,-9,0
0,0,0,0,0,0,0,0,0,0,0,0,0,0,0,0,0,0,0,0,0,0,0,2,0,0,0,0,0,0,0,0,0,0,0,0,0,0,0,0,0,0,0
0,0,0,0,-9,0,0,0,0,0,0,0,-9,-9,-9,-9,-9,-9,-9,-9,-9,-9,0,2,0,0,0,0,0,0,0,-9,-9,0,0,-9,-9,-9,0,-9,-9,-9,0
1,1,1,1,1,1,-9,-9,1,1,-9,-9,-9,0,1,0,0,-9,1,1,1,1,1,1,-9,0,0,0,0,0,0,0,0,0,0,0,0,0,0,0,0,0,0
0,0,0,0,0,0,0,0,0,0,0,0,1,0,0,0,0,0,0,0,0,0,0,2,0,0,0,0,-9,0,0,0,0,0,0,0,0,0,0,0,0,0,0
0,0,0,0,0,0,0,0,0,0,0,0,0,0,0,0,-9,-9,0,0,0,0,0,2,-9,0,0,0,0,0,0,0,0,0,0,0,0,0,0,0,0,0,0
0,0,0,0,0,0,0,0,0,0,0,0,0,0,0,0,0,0,0,0,0,0,0,2,0,0,0,0,0,0,0,-9,0,0,0,0,0,0,0,0,0,0,0
0,0,0,0,0,0,0,0,0,0,0,0,0,0,0,0,0,0,0,0,0,0,0,2,0,0,0,0,0,0,0,0,0,0,0,0,0,0,0,0,0,0,0
0,0,0,0,0,0,1,-9,0,0,0,0,0,0,0,0,0,0,0,0,0,0,0,2,0,0,0,0,0,0,0,0,0,0,0,0,0,0,0,0,0,0,0
0,0,0,0,0,0,0,0,0,0,0,0,0,0,0,0,0,0,0,0,0,0,0,2,0,0,0,0,0,0,-9,0,0,0,-9,-9,-9,-9,0,0,0,0,0
0,0,0,0,0,0,0,0,0,0,0,0,0,0,0,0,0,0,0,0,0,0,0,2,0,0,0,0,0,0,0,0,-9,0,0,0,0,0,0,-9,0,0,0
0,0,0,0,0,0,0,0,-9,-9,0,0,0,0,0,0,0,0,0,0,0,0,0,2,0,0,0,0,0,0,0,0,0,0,0,0,0,0,0,0,0,0,0
0,0,0,0,0,0,0,0,0,0,0,0,0,0,0,0,0,0,0,0,0,0,0,2,0,0,0,0,0,0,0,0,-9,0,0,0,0,1,0,0,0,0,0
0,0,1,1,1,1,1,1,1,1,0,0,0,1,1,1,1,0,1,1,1,1,1,1,1,1,1,1,1,1,1,1,1,1,1,1,1,1,1,1,1,1,1
0,0,0,0,0,0,0,0,0,0,0,0,0,0,0,0,0,0,0,0,0,0,0,2,0,0,0,0,0,0,0,0,0,0,0,0,0,0,0,0,0,0,0
0,0,0,0,0,0,0,0,0,0,0,0,0,0,0,0,0,0,0,0,0,0,0,2,0,0,0,0,0,0,0,0,0,0,0,0,0,0,0,1,1,1,1
0,0,1,1,1,1,1,0,1,1,1,1,1,1,1,1,1,0,1,1,1,1,1,1,1,1,1,1,1,1,1,1,2,1,1,1,1,1,1,0,0,0,0
0,0,1,1,1,1,2,1,1,1,1,1,1,1,1,1,1,0,1,1,1,1,0,2,-9,1,1,1,1,1,1,1,1,1,1,1,1,1,1,1,1,1,1
2,2,2,2,2,2,2,2,2,2,2,2,2,2,2,2,2,2,2,2,2,2,2,0,2,2,2,2,2,2,2,2,2,2,2,2,2,2,2,2,2,2,2
1,1,2,2,2,2,2,2,2,2,2,2,2,2,2,2,2,2,2,2,2,2,2,0,2,2,2,2,2,2,2,2,2,2,2,2,2,2,2,2,2,2,2
2,2,2,2,2,2,2,2,2,2,2,2,2,2,2,2,2,2,2,2,2,2,2,0,2,2,2,2,2,2,2,2,2,2,2,2,2,2,2,2,2,2,2
1,1,2,2,2,2,2,-9,2,2,2,2,2,2,2,2,2,2,2,-9,2,2,2,0,2,2,2,2,2,2,2,2,2,2,2,2,2,2,2,2,2,1,2
2,2,2,2,2,2,2,2,2,2,2,2,2,2,2,2,2,2,2,2,2,2,2,0,2,2,2,2,2,2,1,2,2,2,2,2,2,2,2,2,2,2,2
-9,-9,-9,-9,2,2,2,2,1,1,2,2,2,2,2,-9,2,2,2,2,2,2,2,0,2,2,2,2,2,2,-9,2,2,2,2,2,2,2,2,2,2,2,2
1,1,2,2,2,2,2,2,2,2,2,2,2,2,2,2,2,2,2,2,2,2,2,0,2,2,2,2,-9,-9,2,2,2,2,2,2,2,2,2,2,2,2,2
2,2,2,2,2,2,2,2,2,2,2,2,2,2,2,2,2,2,2,2,2,2,2,0,2,2,2,2,2,2,1,2,2,2,2,2,2,2,2,2,2,2,2
2,2,2,2,2,2,2,2,2,2,-9,-9,1,1,2,2,2,2,2,2,2,2,2,0,2,2,2,2,2,2,2,2,2,2,2,2,2,2,2,2,2,2,2
-9,-9,1,1,2,2,2,2,2,2,2,2,2,2,2,-9,2,2,2,2,2,2,2,0,2,2,2,2,2,2,2,2,2,2,2,2,2,2,2,2,2,2,2
1,2,2,2,2,2,2,2,2,2,2,2,2,2,2,2,2,2,2,2,2,2,2,0,2,2,2,2,2,2,2,2,2,2,2,2,2,2,2,2,2,2,2
